PDB ID,Metal Type,Metal Position,Binding Residues,Binding Chains,Cluster ID,pdb_id,num_residues
6ms4,ZN,"[-0.891, -41.498, -15.365]","['CYS', 'CYS', 'CYS', 'CYS']",['B'],[8135],6ms4,4
5xwm,ZN,"[-14.655, 35.938, 50.437]","['CYS', 'TYR', 'HIS']","['A', 'C']","[6960, 6960]",5xwm,3
5xwm,ZN,"[-1.886, 39.888, 31.409]","['HIS', 'HIS', 'HIS', 'HIS']","['A', 'C']","[6960, 6960]",5xwm,4
5xwm,ZN,"[6.432, 44.094, 44.584]","['HIS', 'HIS', 'HIS']",['A'],[6960],5xwm,3
5xwm,ZN,"[12.504, 62.446, 9.381]","['HIS', 'HIS', 'HIS', 'HIS']","['B', 'D']","[6960, 6960]",5xwm,4
5xwm,ZN,"[8.933, 72.885, -2.576]","['HIS', 'HIS', 'HIS']",['B'],[6960],5xwm,3
5xwm,ZN,"[1.476, 51.752, -7.974]","['CYS', 'TYR', 'HIS']","['B', 'D']","[6960, 6960]",5xwm,3
5xwm,ZN,"[-9.123, 39.302, 45.964]","['HIS', 'HIS', 'HIS']",['C'],[6960],5xwm,3
5xwm,ZN,"[12.179, 48.498, 48.131]","['HIS', 'CYS', 'TYR']","['A', 'C']","[6960, 6960]",5xwm,3
5xwm,ZN,"[10.749, 79.756, -6.108]","['HIS', 'CYS', 'TYR']","['B', 'D']","[6960, 6960]",5xwm,3
5xwm,ZN,"[5.982, 57.212, -4.151]","['HIS', 'HIS', 'HIS']",['D'],[6960],5xwm,3
6ddu,CA,"[20.781, 36.979, 146.216]","['THR', 'ASN', 'PRO', 'SER', 'TYR', 'ASP']",['A'],[7366],6ddu,6
5z6e,CA,"[1.999, 27.88, 22.131]","['ASP', 'GLN', 'GLY', 'SER']",['A'],[7043],5z6e,4
6c72,ZN,"[80.716, 69.214, 56.634]","['ASP', 'ASP', 'THR', 'SER', 'ASN']",['A'],[7262],6c72,5
6c72,ZN,"[116.592, 53.099, 78.989]","['ASP', 'ASP', 'THR', 'ASN']",['B'],[7262],6c72,4
6c72,ZN,"[86.932, 24.691, 60.118]","['ASP', 'ASP', 'THR', 'SER', 'ASN']",['C'],[7262],6c72,5
6hbe,CU,"[-57.477, 5.863, 3.027]","['HIS', 'CYS', 'HIS', 'MET']",['A'],[7713],6hbe,4
6hbe,CU,"[-35.959, 3.06, -2.034]","['HIS', 'HIS', 'HIS']","['A', 'C']","[7713, 7713]",6hbe,3
6hbe,CU,"[-47.57, -1.646, -3.615]","['HIS', 'CYS', 'HIS', 'GLN']",['A'],[7713],6hbe,4
6hbe,CU,"[-40.701, -17.632, 32.592]","['HIS', 'CYS', 'HIS']",['B'],[7713],6hbe,3
6hbe,CU,"[-22.593, -10.745, 21.735]","['HIS', 'HIS', 'HIS']","['B', 'A']","[7713, 7713]",6hbe,3
6hbe,CU,"[-26.996, -14.553, 32.942]","['HIS', 'CYS', 'HIS', 'GLN']",['B'],[7713],6hbe,4
6hbe,CU,"[-39.094, 23.85, 35.352]","['HIS', 'CYS', 'HIS', 'MET']",['C'],[7713],6hbe,4
6hbe,CU,"[-23.414, 19.785, 20.26]","['HIS', 'HIS', 'HIS']","['B', 'C']","[7713, 7713]",6hbe,3
6hbe,CU,"[-31.739, 28.32, 24.25]","['HIS', 'CYS', 'HIS', 'GLN']",['C'],[7713],6hbe,4
6iu5,ZN,"[64.945, -17.64, -11.852]","['GLU', 'GLU', 'HIS']","['D', 'A']","[7861, 7861]",6iu5,3
6iu5,ZN,"[66.788, -17.98, -9.072]","['GLU', 'GLU', 'GLU', 'GLU', 'GLU']",['A'],[7861],6iu5,5
6iu5,ZN,"[68.424, -18.451, -11.954]","['GLU', 'GLU', 'GLU', 'GLY', 'GLY']","['D', 'A']","[7861, 7861]",6iu5,5
6iu5,ZN,"[45.658, -10.675, -22.397]","['HIS', 'GLU', 'GLU', 'GLU']","['D', 'A']","[7861, 7861]",6iu5,4
6iu5,ZN,"[42.319, -10.785, -22.722]","['GLY', 'GLY', 'GLU', 'GLU', 'GLU', 'GLU']","['D', 'A']","[7861, 7861]",6iu5,6
6iu5,ZN,"[62.316, 0.687, 10.03]","['GLU', 'GLU', 'GLU', 'HIS']","['B', 'C']","[7861, 7861]",6iu5,4
6iu5,ZN,"[64.101, -1.972, 10.289]","['GLU', 'GLU', 'GLU', 'GLU', 'GLU']",['B'],[7861],6iu5,5
6iu5,ZN,"[62.548, -1.177, 12.923]","['GLU', 'GLU', 'GLU', 'GLY', 'GLY']","['B', 'C']","[7861, 7861]",6iu5,5
6iu5,ZN,"[53.382, 11.305, -5.322]","['HIS', 'GLU', 'GLU']","['B', 'C']","[7861, 7861]",6iu5,3
6iu5,ZN,"[57.738, 2.004, 6.775]","['GLU', 'GLU', 'HIS', 'GLU']","['B', 'C']","[7861, 7861]",6iu5,4
6iu5,ZN,"[48.258, 13.948, -7.411]","['HIS', 'GLU', 'GLU', 'GLU']","['B', 'C']","[7861, 7861]",6iu5,4
6iu5,ZN,"[47.952, 16.224, -9.788]","['GLY', 'GLY', 'GLU', 'GLU', 'GLU']","['B', 'C']","[7861, 7861]",6iu5,5
6iu5,ZN,"[46.329, 13.37, -9.848]","['GLU', 'GLU', 'GLU', 'MET', 'GLU', 'GLU']",['C'],[7861],6iu5,6
6iu5,ZN,"[43.935, -8.041, -23.002]","['GLU', 'GLU', 'GLU', 'GLU']",['D'],[7861],6iu5,4
6iu5,ZN,"[15.168, 12.608, 20.197]","['GLU', 'GLU', 'GLU', 'HIS']","['E', 'H']","[7861, 7861]",6iu5,4
6iu5,ZN,"[18.342, 12.628, 21.045]","['GLU', 'GLU', 'GLU', 'GLU']",['E'],[7861],6iu5,4
6iu5,ZN,"[16.584, 9.682, 20.691]","['GLU', 'GLU', 'GLY', 'GLY']","['E', 'H']","[7861, 7861]",6iu5,4
6iu5,ZN,"[-1.115, 25.061, 10.27]","['HIS', 'GLU', 'GLU', 'GLU']","['E', 'H']","[7861, 7861]",6iu5,4
6iu5,ZN,"[-3.185, 27.578, 10.125]","['GLY', 'GLY', 'GLU', 'GLU', 'GLU']","['E', 'H']","[7861, 7861]",6iu5,5
6iu5,ZN,"[35.733, 27.642, 7.172]","['GLU', 'GLU', 'GLU', 'HIS']","['F', 'I']","[7861, 7861]",6iu5,4
6iu5,ZN,"[36.34, 25.795, 9.727]","['GLU', 'GLU', 'GLU', 'GLU', 'GLU']",['F'],[7861],6iu5,5
6iu5,ZN,"[37.65, 28.641, 9.772]","['GLU', 'GLU', 'GLU', 'GLU', 'GLY', 'GLY']","['F', 'I']","[7861, 7861]",6iu5,6
6iu5,ZN,"[18.264, 31.675, -9.804]","['HIS', 'GLU', 'GLU']","['F', 'I']","[7861, 7861]",6iu5,3
6iu5,ZN,"[16.657, 30.688, -12.737]","['GLY', 'GLY', 'GLU', 'GLU', 'GLU']","['F', 'I']","[7861, 7861]",6iu5,5
6iu5,ZN,"[-1.909, 26.31, 7.435]","['GLU', 'GLU', 'GLU', 'GLU']",['H'],[7861],6iu5,4
6iu5,ZN,"[15.075, 32.085, -10.163]","['GLU', 'GLU', 'GLU', 'MET', 'GLU']",['I'],[7861],6iu5,5
6m9s,FE,"[-19.822, 31.903, -58.797]","['HIS', 'HIS', 'HIS']",['A'],[8104],6m9s,3
6m9s,FE,"[11.313, 25.324, -42.386]","['GLU', 'GLU', 'GLU', 'HIS', 'HIS']",['A'],[8104],6m9s,5
6m9s,FE,"[-13.705, -6.332, -6.34]","['HIS', 'HIS', 'HIS']",['B'],[8104],6m9s,3
6m9s,FE,"[11.754, 16.52, -17.743]","['GLU', 'GLU', 'GLU', 'HIS', 'HIS']",['B'],[8104],6m9s,5
6m9s,FE,"[7.031, -25.574, -85.76]","['HIS', 'HIS', 'HIS']",['C'],[8104],6m9s,3
6m9s,FE,"[36.518, -16.893, -67.359]","['GLU', 'GLU', 'HIS', 'HIS']",['C'],[8104],6m9s,4
6m9s,FE,"[26.331, -56.158, -31.668]","['HIS', 'HIS', 'HIS']",['D'],[8104],6m9s,3
6m9s,FE,"[39.356, -24.499, -42.447]","['GLU', 'GLU', 'GLU', 'HIS', 'HIS']",['D'],[8104],6m9s,5
6iu9,ZN,"[65.331, -17.271, -11.724]","['GLU', 'GLU', 'HIS']","['D', 'A']","[7861, 7861]",6iu9,3
6iu9,ZN,"[68.637, -17.602, -11.686]","['GLU', 'GLU', 'GLU', 'GLY', 'GLY']","['D', 'A']","[7861, 7861]",6iu9,5
6iu9,ZN,"[45.943, -10.204, -22.669]","['HIS', 'GLU', 'GLU', 'GLU']","['D', 'A']","[7861, 7861]",6iu9,4
6iu9,ZN,"[42.424, -10.043, -22.916]","['GLY', 'GLY', 'GLU', 'GLU', 'GLU', 'GLU']","['D', 'A']","[7861, 7861]",6iu9,6
6iu9,ZN,"[62.222, 1.849, 10.344]","['GLU', 'GLU', 'GLU', 'HIS']","['B', 'C']","[7861, 7861]",6iu9,4
6iu9,ZN,"[62.273, 0.017, 13.113]","['GLU', 'GLU', 'GLU', 'GLY', 'GLY']","['B', 'C']","[7861, 7861]",6iu9,5
6iu9,ZN,"[49.738, 14.891, -7.587]","['GLY', 'HIS', 'GLU', 'GLU', 'GLU']","['B', 'C']","[7861, 7861]",6iu9,5
6iu9,ZN,"[48.864, 17.392, -9.555]","['GLY', 'GLU', 'GLU', 'GLU', 'GLU', 'GLU']","['B', 'C']","[7861, 7861]",6iu9,6
6iu9,ZN,"[56.925, 3.181, 7.659]","['HIS', 'GLU', 'GLU']",['C'],[7861],6iu9,3
6iu9,ZN,"[13.703, 11.896, 20.56]","['GLU', 'GLU', 'GLU', 'HIS']","['E', 'H']","[7861, 7861]",6iu9,4
6iu9,ZN,"[15.637, 9.135, 20.958]","['GLU', 'GLU', 'GLU', 'GLY', 'GLY']","['E', 'H']","[7861, 7861]",6iu9,5
6iu9,ZN,"[-2.602, 24.821, 9.874]","['HIS', 'GLU', 'GLU', 'GLU', 'GLU']","['E', 'H']","[7861, 7861]",6iu9,5
6iu9,ZN,"[34.619, 28.051, 6.552]","['GLU', 'GLU', 'GLU', 'GLU', 'HIS']","['F', 'I']","[7861, 7861]",6iu9,5
6iu9,ZN,"[36.786, 29.421, 9.099]","['GLU', 'GLU', 'GLU', 'GLY', 'GLY']","['F', 'I']","[7861, 7861]",6iu9,5
6iu9,ZN,"[18.479, 32.561, -9.629]","['HIS', 'GLU', 'GLU']","['F', 'I']","[7861, 7861]",6iu9,3
6iu9,ZN,"[-4.518, 27.479, 9.995]","['GLU', 'GLU', 'GLU']",['H'],[7861],6iu9,3
6iu9,ZN,"[17.443, 31.589, -12.631]","['GLY', 'GLY', 'GLU', 'GLU', 'GLU']","['F', 'I']","[7861, 7861]",6iu9,5
6iu9,ZN,"[15.376, 32.749, -10.224]","['GLU', 'GLU', 'GLU', 'GLU', 'MET', 'GLU']",['I'],[7861],6iu9,6
6iu3,ZN,"[9.962, 14.571, 23.073]","['GLU', 'GLU', 'GLU', 'GLU']",['A'],[7860],6iu3,4
6iu3,ZN,"[8.315, 12.153, 21.541]","['GLU', 'GLU', 'GLU', 'GLU', 'GLU', 'MET']",['A'],[7860],6iu3,6
6iu3,ZN,"[9.122, 12.374, 23.713]","['GLU', 'GLU', 'GLU', 'GLU']",['A'],[7860],6iu3,4
6iu8,ZN,"[65.557, -18.055, -11.672]","['GLU', 'GLU', 'HIS']","['D', 'A']","[7861, 7861]",6iu8,3
6iu8,CO,"[67.353, -18.549, -8.442]","['GLU', 'GLU', 'GLU', 'MET', 'GLU']",['A'],[7861],6iu8,5
6iu8,ZN,"[68.983, -18.849, -11.599]","['GLU', 'GLU', 'GLU', 'GLY', 'GLY']","['D', 'A']","[7861, 7861]",6iu8,5
6iu8,ZN,"[62.87, 0.691, 10.001]","['GLU', 'GLU', 'GLU', 'HIS']","['B', 'C']","[7861, 7861]",6iu8,4
6iu8,CO,"[64.581, -1.869, 10.522]","['GLU', 'GLU', 'GLU', 'GLU', 'GLU', 'GLU']",['B'],[7861],6iu8,6
6iu8,CO,"[63.106, -0.953, 13.212]","['GLU', 'GLU', 'GLU', 'GLU', 'GLY', 'GLY']","['B', 'C']","[7861, 7861]",6iu8,6
6iu8,ZN,"[54.144, 11.609, -5.664]","['HIS', 'GLU', 'GLU', 'GLU']","['B', 'C']","[7861, 7861]",6iu8,4
6iu8,CO,"[48.725, 16.461, -10.136]","['GLY', 'GLY', 'GLU', 'GLU', 'GLU']","['B', 'C']","[7861, 7861]",6iu8,5
6iu8,ZN,"[58.063, 2.16, 6.785]","['GLU', 'GLU', 'HIS', 'GLU']","['B', 'C']","[7861, 7861]",6iu8,4
6iu8,ZN,"[49.027, 14.231, -7.983]","['HIS', 'GLU', 'GLU', 'GLU']","['B', 'C']","[7861, 7861]",6iu8,4
6iu8,CO,"[47.144, 13.576, -10.077]","['GLU', 'GLU', 'GLU', 'MET', 'GLU']",['C'],[7861],6iu8,5
6iu8,ZN,"[45.719, -10.842, -22.18]","['HIS', 'GLU', 'GLU']","['D', 'A']","[7861, 7861]",6iu8,3
6iu8,CO,"[43.801, -8.415, -22.864]","['GLU', 'GLU', 'GLU', 'MET', 'GLU']",['D'],[7861],6iu8,5
6iu8,ZN,"[42.248, -11.115, -22.708]","['GLY', 'GLY', 'GLU', 'GLU', 'GLU']","['D', 'A']","[7861, 7861]",6iu8,5
6iu8,ZN,"[15.697, 12.682, 20.515]","['GLU', 'GLU', 'HIS']","['E', 'H']","[7861, 7861]",6iu8,3
6iu8,CO,"[18.795, 12.668, 21.449]","['GLU', 'GLU', 'GLU', 'MET', 'GLU']",['E'],[7861],6iu8,5
6iu8,ZN,"[17.118, 9.865, 21.145]","['GLU', 'GLU', 'GLU', 'GLU', 'GLY']","['E', 'H']","[7861, 7861]",6iu8,5
6iu8,ZN,"[35.912, 27.688, 6.755]","['GLU', 'GLU', 'GLU', 'GLU', 'HIS']","['F', 'I']","[7861, 7861]",6iu8,5
6iu8,CO,"[36.523, 25.795, 9.375]","['GLU', 'GLU', 'GLU', 'MET', 'GLU']",['F'],[7861],6iu8,5
6iu8,CO,"[37.747, 28.674, 9.182]","['GLU', 'GLU', 'GLU', 'GLU', 'GLY', 'GLY']","['F', 'I']","[7861, 7861]",6iu8,6
6iu8,ZN,"[-1.024, 25.033, 10.421]","['HIS', 'GLU', 'GLU']","['E', 'H']","[7861, 7861]",6iu8,3
6iu8,CO,"[-1.692, 26.086, 7.583]","['GLU', 'GLU', 'GLU', 'MET', 'GLU']",['H'],[7861],6iu8,5
6iu8,ZN,"[-3.035, 27.231, 10.279]","['GLY', 'GLY', 'GLU', 'GLU', 'GLU']","['E', 'H']","[7861, 7861]",6iu8,5
6iu8,ZN,"[18.56, 31.469, -10.102]","['HIS', 'GLU', 'GLU']","['F', 'I']","[7861, 7861]",6iu8,3
6iu8,CO,"[15.348, 31.67, -10.378]","['GLU', 'GLU', 'GLU', 'MET', 'GLU', 'GLU']",['I'],[7861],6iu8,6
6iu8,CO,"[16.871, 30.491, -12.841]","['GLY', 'GLY', 'GLU', 'GLU', 'GLU']","['F', 'I']","[7861, 7861]",6iu8,5
6iie,CA,"[-19.112, 5.106, 13.637]","['ASP', 'ASP', 'ASN', 'ILE', 'GLU', 'GLU']",['A'],[7836],6iie,6
6iie,CA,"[-10.047, 8.996, 7.578]","['ASP', 'ASP', 'SER', 'SER', 'GLU', 'GLU']",['A'],[7836],6iie,6
6cxb,MG,"[28.824, 13.035, 28.436]","['ASP', 'HIS', 'GLU', 'LEU', 'GLN']",['A'],[7328],6cxb,5
6j4n,ZN,"[-50.917, -2.836, 16.536]","['ASP', 'HIS', 'ASP', 'HIS']",['A'],[7924],6j4n,4
6j4n,ZN,"[-52.101, -3.571, 13.779]","['HIS', 'HIS', 'HIS', 'ASP']",['A'],[7924],6j4n,4
6j4n,ZN,"[-9.905, -2.366, -16.621]","['ASP', 'HIS', 'ASP', 'HIS']",['B'],[7924],6j4n,4
6j4n,ZN,"[-8.725, -3.049, -13.82]","['HIS', 'HIS', 'HIS', 'ASP']",['B'],[7924],6j4n,4
6j4n,ZN,"[-21.41, 20.968, -60.122]","['ASP', 'HIS', 'ASP', 'HIS']",['C'],[7924],6j4n,4
6j4n,ZN,"[-21.735, 21.652, -63.038]","['HIS', 'HIS', 'HIS', 'ASP']",['C'],[7924],6j4n,4
6j4n,ZN,"[-40.045, 20.3, 60.28]","['ASP', 'HIS', 'ASP', 'HIS']",['D'],[7924],6j4n,4
6j4n,ZN,"[-39.741, 20.973, 63.248]","['HIS', 'HIS', 'HIS', 'ASP']",['D'],[7924],6j4n,4
6j4n,ZN,"[-11.972, 25.712, -19.32]","['ASP', 'HIS', 'ASP', 'HIS']",['E'],[7924],6j4n,4
6j4n,ZN,"[-11.719, 27.04, -16.545]","['HIS', 'HIS', 'HIS', 'ASP']",['E'],[7924],6j4n,4
6j4n,ZN,"[-49.503, 25.219, 19.444]","['ASP', 'HIS', 'ASP', 'HIS']",['F'],[7924],6j4n,4
6j4n,ZN,"[-49.812, 26.59, 16.703]","['HIS', 'HIS', 'HIS', 'ASP']",['F'],[7924],6j4n,4
6j4n,ZN,"[-39.912, -7.73, 56.759]","['ASP', 'HIS', 'ASP', 'HIS']",['G'],[7924],6j4n,4
6j4n,ZN,"[-38.817, -9.168, 59.294]","['HIS', 'HIS', 'HIS', 'ASP']",['G'],[7924],6j4n,4
6j4n,ZN,"[-20.595, -7.057, -56.935]","['ASP', 'HIS', 'ASP', 'HIS']",['H'],[7924],6j4n,4
6j4n,ZN,"[-21.67, -8.486, -59.459]","['HIS', 'HIS', 'HIS', 'ASP']",['H'],[7924],6j4n,4
6nbb,ZN,"[143.955, 166.534, 141.24]","['CYS', 'HIS', 'CYS']",['A'],[8182],6nbb,3
6nbb,ZN,"[128.201, 158.589, 149.775]","['CYS', 'CYS', 'CYS', 'CYS']",['A'],[8182],6nbb,4
6nbb,ZN,"[142.192, 119.846, 141.464]","['CYS', 'HIS', 'CYS']",['B'],[8182],6nbb,3
6nbb,ZN,"[158.44, 127.282, 149.997]","['CYS', 'CYS', 'CYS', 'CYS']",['B'],[8182],6nbb,4
6nvp,MN,"[13.778, 12.96, 178.081]","['ASP', 'HIS', 'ASP', 'HIS']",['A'],[8206],6nvp,4
6nvo,MN,"[18.421, 22.509, 18.889]","['ASP', 'ASN', 'HIS', 'HIS']",['A'],[8206],6nvo,4
6nvo,MN,"[21.275, 20.744, 17.667]","['ASP', 'HIS', 'ASP', 'HIS']",['A'],[8206],6nvo,4
6hft,MG,"[50.811, 80.933, -16.944]","['LEU', 'LYS', 'ASP']",['A'],[7719],6hft,3
6i02,CA,"[-26.372, -36.193, -10.153]","['THR', 'GLU', 'THR', 'ASN', 'ASP', 'ASP']",['A'],[7777],6i02,6
6i02,CA,"[80.049, 26.306, 11.665]","['THR', 'GLU', 'THR', 'ASN', 'ASP', 'ASP']",['B'],[7777],6i02,6
6iym,MG,"[36.205, 14.216, 17.494]","['GLU', 'GLU', 'ASP']",['A'],[7871],6iym,3
6iym,MG,"[13.68, 8.771, 23.739]","['GLU', 'GLU', 'ASP']",['B'],[7871],6iym,3
6jkw,ZN,"[-50.621, -3.083, 16.526]","['ASP', 'HIS', 'ASP', 'ASP', 'HIS']",['A'],[7924],6jkw,5
6jkw,ZN,"[-51.876, -3.667, 13.833]","['HIS', 'HIS', 'HIS', 'ASP']",['A'],[7924],6jkw,4
6jkw,ZN,"[-10.066, -2.585, -16.726]","['ASP', 'HIS', 'ASP', 'HIS']",['B'],[7924],6jkw,4
6jkw,ZN,"[-8.837, -3.249, -13.881]","['HIS', 'HIS', 'HIS', 'ASP']",['B'],[7924],6jkw,4
6jkw,ZN,"[-21.874, 21.066, -59.983]","['ASP', 'HIS', 'ASP', 'HIS']",['C'],[7924],6jkw,4
6jkw,ZN,"[-22.173, 21.821, -62.956]","['HIS', 'HIS', 'HIS', 'ASP']",['C'],[7924],6jkw,4
6jkw,ZN,"[-39.209, 20.607, 59.997]","['ASP', 'HIS', 'ASP', 'ASP', 'HIS']",['D'],[7924],6jkw,5
6jkw,ZN,"[-38.969, 21.268, 63.08]","['HIS', 'HIS', 'HIS', 'ASP']",['D'],[7924],6jkw,4
6jkw,ZN,"[-11.779, 25.669, -19.315]","['ASP', 'HIS', 'ASP', 'HIS']",['E'],[7924],6jkw,4
6jkw,ZN,"[-11.538, 27.056, -16.554]","['HIS', 'HIS', 'HIS', 'ASP']",['E'],[7924],6jkw,4
6jkw,ZN,"[-49.308, 25.322, 19.358]","['ASP', 'HIS', 'ASP', 'HIS']",['F'],[7924],6jkw,4
6jkw,ZN,"[-49.607, 26.647, 16.61]","['HIS', 'HIS', 'HIS', 'ASP']",['F'],[7924],6jkw,4
6jkw,ZN,"[-39.652, -7.572, 56.895]","['ASP', 'HIS', 'ASP', 'HIS']",['G'],[7924],6jkw,4
6jkw,ZN,"[-38.537, -9.057, 59.355]","['HIS', 'HIS', 'HIS', 'ASP']",['G'],[7924],6jkw,4
6jkw,ZN,"[-20.787, -7.067, -57.134]","['ASP', 'HIS', 'ASP', 'HIS']",['H'],[7924],6jkw,4
6jkw,ZN,"[-21.87, -8.514, -59.524]","['HIS', 'HIS', 'HIS', 'ASP']",['H'],[7924],6jkw,4
6iw6,ZN,"[-19.539, 42.34, -6.255]","['CYS', 'CYS', 'HIS', 'HIS']",['A'],[7867],6iw6,4
6iw6,ZN,"[4.11, 18.894, 11.186]","['CYS', 'HIS', 'HIS', 'HIS']",['A'],[7867],6iw6,4
6iw6,ZN,"[-15.031, -42.477, 9.612]","['CYS', 'CYS', 'HIS', 'HIS']",['B'],[7867],6iw6,4
6iw6,ZN,"[4.188, -18.902, -7.141]","['CYS', 'HIS', 'HIS', 'HIS']",['B'],[7867],6iw6,4
6hb0,ZN,"[-9.336, -16.126, 23.775]","['HIS', 'HIS', 'GLU']","['B', 'A']","[7712, 7712]",6hb0,3
6hb0,ZN,"[-7.826, -21.832, 23.261]","['GLU', 'HIS', 'HIS']",['A'],[7712],6hb0,3
6hb0,ZN,"[-7.02, -24.305, 31.529]","['GLU', 'HIS', 'HIS']","['B', 'A']","[7712, 7712]",6hb0,3
6hb0,ZN,"[-23.957, -41.981, 21.315]","['GLU', 'GLU', 'CYS', 'ASP']",['A'],[7712],6hb0,4
6hb0,ZN,"[-13.128, -17.983, 34.878]","['GLU', 'HIS', 'GLU', 'GLU']","['B', 'A']","[7712, 7712]",6hb0,4
6hb0,ZN,"[-10.905, -15.737, 34.418]","['GLU', 'HIS', 'GLU', 'GLU']","['B', 'A']","[7712, 7712]",6hb0,4
6hb0,ZN,"[-19.855, -19.322, 17.031]","['GLU', 'HIS', 'HIS']",['B'],[7712],6hb0,3
6hb0,ZN,"[-24.454, -31.397, 19.082]","['GLU', 'GLU', 'GLU', 'HIS']","['B', 'A']","[7712, 7712]",6hb0,4
6hb0,ZN,"[-24.475, -30.588, 22.166]","['GLU', 'GLU', 'GLU', 'HIS']","['B', 'A']","[7712, 7712]",6hb0,4
6hb0,ZN,"[-17.439, -24.306, 15.032]","['GLU', 'HIS', 'HIS']","['B', 'A']","[7712, 7712]",6hb0,3
6hb0,ZN,"[-27.287, -21.932, 20.416]","['HIS', 'GLU', 'GLU', 'HIS']","['B', 'A']","[7712, 7712]",6hb0,4
6hb0,ZN,"[-17.099, -9.101, 40.457]","['GLU', 'GLU', 'CYS', 'ASP']",['B'],[7712],6hb0,4
6hyh,ZN,"[-41.959, 18.619, 18.697]","['GLU', 'GLU', 'GLU', 'HIS']","['B', 'A']","[7712, 7712]",6hyh,4
6hyh,ZN,"[-74.778, 1.894, 10.45]","['ASP', 'ASP', 'ASP']",['A'],[7712],6hyh,3
6hyh,ZN,"[-48.132, 9.311, 1.175]","['HIS', 'HIS', 'GLU', 'GLU']","['B', 'A']","[7712, 7712]",6hyh,4
6hyh,ZN,"[-37.269, 18.461, 7.557]","['HIS', 'GLU', 'GLU', 'GLU']","['B', 'A']","[7712, 7712]",6hyh,4
6hyh,ZN,"[-42.088, 3.268, 21.068]","['GLU', 'GLU', 'HIS', 'HIS']","['B', 'A']","[7712, 7712]",6hyh,4
6d9f,FE,"[12.515, -1.457, -25.93]","['GLU', 'GLU', 'GLU', 'GLU', 'HIS']",['A'],[7361],6d9f,5
6d9f,FE,"[10.226, -2.739, -28.274]","['GLU', 'GLU', 'HIS']",['A'],[7361],6d9f,3
6d9f,FE,"[27.503, 0.4, -47.742]","['GLU', 'GLU', 'GLU', 'GLU', 'HIS']",['B'],[7361],6d9f,5
6d9f,FE,"[29.975, -0.243, -45.494]","['GLU', 'GLU', 'HIS']",['B'],[7361],6d9f,3
6dk9,ZN,"[38.308, 84.951, 131.76]","['HIS', 'HIS', 'ASP']",['A'],[7378],6dk9,3
6dk9,ZN,"[23.107, 102.781, 99.945]","['HIS', 'HIS', 'ASP']",['B'],[7378],6dk9,3
6dk9,ZN,"[38.746, 92.935, 74.609]","['HIS', 'HIS', 'ASP']",['C'],[7378],6dk9,3
6dk9,ZN,"[20.338, 130.375, 71.615]","['HIS', 'HIS', 'ASP']",['D'],[7378],6dk9,3
6dk9,ZN,"[35.182, 119.854, 46.08]","['HIS', 'HIS', 'ASP']",['E'],[7378],6dk9,3
6dk9,ZN,"[31.181, 161.397, 49.709]","['HIS', 'HIS', 'ASP']",['F'],[7378],6dk9,3
6dk9,ZN,"[44.756, 150.763, 23.346]","['HIS', 'HIS', 'ASP']",['G'],[7378],6dk9,3
6dk9,ZN,"[54.531, 189.642, 35.572]","['HIS', 'HIS', 'ASP']",['H'],[7378],6dk9,3
6dk9,ZN,"[66.111, 180.342, 8.099]","['HIS', 'HIS', 'ASP']",['I'],[7378],6dk9,3
6e60,MG,"[-21.115, -1.66, 3.474]","['ARG', 'ASP', 'GLU']",['A'],[7411],6e60,3
6ov8,ZN,"[24.679, -22.383, -8.434]","['LYS', 'ASP', 'ASP', 'ASP', 'GLU']",['A'],[8293],6ov8,5
6ov8,MN,"[25.302, -19.512, -8.951]","['ASP', 'ASP', 'ASP', 'GLU']",['A'],[8293],6ov8,4
6ov8,ZN,"[22.02, -12.88, -38.785]","['LYS', 'ASP', 'ASP', 'ASP', 'GLU']",['B'],[8293],6ov8,5
6ov8,MN,"[20.223, -11.453, -36.652]","['ASP', 'ASP', 'ASP', 'GLU']",['B'],[8293],6ov8,4
6ov8,ZN,"[34.727, 3.383, -2.651]","['LYS', 'ASP', 'ASP', 'ASP', 'GLU']",['C'],[8293],6ov8,5
6ov8,MN,"[31.79, 3.209, -3.434]","['ASP', 'ASP', 'ASP', 'GLU']",['C'],[8293],6ov8,4
6ov8,ZN,"[0.89, 3.948, -30.114]","['LYS', 'ASP', 'ASP', 'GLU']",['D'],[8293],6ov8,4
6ov8,MN,"[3.665, 4.54, -29.171]","['ASP', 'ASP', 'ASP', 'GLU']",['D'],[8293],6ov8,4
6ov8,ZN,"[7.009, -2.148, 0.715]","['LYS', 'ASP', 'ASP', 'GLU']",['E'],[8293],6ov8,4
6ov8,MN,"[8.636, -3.717, -1.359]","['ASP', 'ASP', 'ASP', 'GLU']",['E'],[8293],6ov8,4
6ov8,ZN,"[27.343, 14.127, -31.895]","['LYS', 'ASP', 'ASP', 'ASP', 'GLU']",['F'],[8293],6ov8,5
6ov8,MN,"[26.964, 11.207, -31.319]","['ASP', 'ASP', 'ASP', 'GLU']",['F'],[8293],6ov8,4
6e61,MG,"[-2.219, -1.963, -30.209]","['ARG', 'ASP', 'GLU']",['A'],[7411],6e61,3
6e61,MG,"[42.915, 7.174, -83.629]","['ARG', 'ASP', 'GLU']",['B'],[7411],6e61,3
6h98,MG,"[46.536, -6.189, 32.86]","['TRP', 'ASN', 'THR', 'ASP', 'ASP']",['A'],[8016],6h98,5
6h99,MG,"[46.773, -5.99, 32.693]","['TRP', 'ASN', 'THR', 'ASP', 'ASP']",['A'],[8016],6h99,5
6cqg,ZN,"[-16.053, -7.748, 4.302]","['HIS', 'HIS', 'HIS']",['A'],[7318],6cqg,3
6dtk,ZN,"[-63.79, -44.105, 96.181]","['HIS', 'HIS', 'HIS', 'ASP', 'ASP']",['A'],[7390],6dtk,5
6dtk,CU,"[-66.862, -42.651, 90.467]","['HIS', 'HIS', 'HIS', 'HIS']",['A'],[7390],6dtk,4
6dtk,ZN,"[-103.003, -43.301, 93.192]","['HIS', 'HIS', 'HIS', 'ASP', 'ASP']",['A'],[7390],6dtk,5
6dtk,CU,"[-99.026, -41.644, 88.228]","['HIS', 'HIS', 'HIS', 'HIS']",['A'],[7390],6dtk,4
6dtk,ZN,"[-33.264, -16.996, 28.457]","['HIS', 'HIS', 'HIS', 'ASP']",['C'],[7390],6dtk,4
6dtk,CU,"[-34.611, -14.313, 22.666]","['HIS', 'HIS', 'HIS', 'HIS']",['C'],[7390],6dtk,4
6dtk,ZN,"[-53.81, 16.434, 25.154]","['HIS', 'HIS', 'HIS', 'ASP']",['C'],[7390],6dtk,4
6dtk,CU,"[-51.318, 13.103, 19.974]","['HIS', 'HIS', 'HIS', 'HIS']",['C'],[7390],6dtk,4
6dtk,ZN,"[-66.028, 20.073, 48.778]","['HIS', 'HIS', 'HIS', 'ASP']",['E'],[7390],6dtk,4
6dtk,CU,"[-67.345, 17.175, 54.664]","['HIS', 'HIS', 'HIS']",['E'],[7390],6dtk,3
6dtk,ZN,"[-85.853, -13.537, 51.577]","['HIS', 'HIS', 'HIS', 'ASP', 'ASP']",['E'],[7390],6dtk,5
6dtk,CU,"[-83.088, -10.513, 56.886]","['HIS', 'HIS', 'HIS']",['E'],[7390],6dtk,3
6dtk,ZN,"[-66.17, -31.855, 51.392]","['HIS', 'HIS', 'HIS', 'ASP', 'ASP']",['G'],[7390],6dtk,5
6dtk,CU,"[-64.707, -35.771, 56.642]","['HIS', 'HIS', 'HIS']",['G'],[7390],6dtk,3
6dtk,ZN,"[-46.99, -65.744, 48.513]","['HIS', 'HIS', 'HIS', 'ASP', 'ASP']",['G'],[7390],6dtk,5
6dtk,CU,"[-48.412, -62.852, 54.4]","['HIS', 'HIS', 'HIS']",['G'],[7390],6dtk,3
6dtk,ZN,"[-71.065, -40.106, 19.855]","['HIS', 'HIS', 'HIS', 'ASP', 'ASP']",['I'],[7390],6dtk,5
6dtk,CU,"[-67.052, -39.093, 14.597]","['HIS', 'HIS', 'HIS']",['I'],[7390],6dtk,3
6dtk,ZN,"[-32.021, -39.629, 22.802]","['HIS', 'HIS', 'HIS', 'ASP']",['I'],[7390],6dtk,4
6dtk,CU,"[-35.09, -39.168, 16.849]","['HIS', 'HIS', 'HIS', 'HIS']",['I'],[7390],6dtk,4
6qwo,ZN,"[3.547, -14.147, 20.178]","['HIS', 'ASP', 'HIS', 'ASP']",['A'],[8472],6qwo,4
6qwo,ZN,"[2.924, -11.336, 22.264]","['ASP', 'ASP', 'GLN', 'HIS']",['A'],[8472],6qwo,4
6qwo,ZN,"[3.671, -26.129, 18.191]","['HIS', 'ASP', 'HIS', 'ASP']",['B'],[8472],6qwo,4
6qwo,ZN,"[2.894, -29.493, 19.118]","['ASP', 'ASP', 'GLN', 'HIS']",['B'],[8472],6qwo,4
6org,CA,"[29.528, 35.155, 25.248]","['HIS', 'ASP', 'LEU', 'SER', 'SER', 'THR']",['A'],[8287],6org,6
6org,CA,"[-1.069, 75.902, 64.975]","['HIS', 'ASP', 'LEU', 'SER', 'SER', 'THR']",['B'],[8287],6org,6
6omq,MN,"[15.801, 36.03, 14.492]","['ASP', 'ASP', 'HIS', 'HIS', 'GLU', 'ASP']",['A'],[8273],6omq,6
6omq,MN,"[14.774, 34.938, 17.962]","['GLU', 'GLU', 'ASP', 'HIS', 'GLU']",['A'],[8273],6omq,5
6omq,MN,"[6.353, 38.117, 21.286]","['LEU', 'GLY', 'GLN']","['B', 'A']","[8273, 8273]",6omq,3
6omq,MN,"[39.492, 55.034, 34.463]","['ASP', 'ASP', 'HIS', 'HIS', 'GLU', 'ASP']",['B'],[8273],6omq,6
6omq,MN,"[41.636, 53.971, 31.568]","['GLU', 'GLU', 'ASP', 'HIS', 'GLU']",['B'],[8273],6omq,5
6omq,MN,"[44.582, 60.632, 25.263]","['GLN', 'LEU', 'GLY']","['B', 'A']","[8273, 8273]",6omq,3
6omp,MN,"[15.962, 35.93, 14.212]","['ASP', 'ASP', 'HIS', 'HIS', 'GLU', 'ASP']",['A'],[8273],6omp,6
6omp,MN,"[15.031, 34.894, 17.726]","['GLU', 'GLU', 'ASP', 'HIS', 'GLU']",['A'],[8273],6omp,5
6omp,MN,"[6.71, 38.202, 21.198]","['LEU', 'GLY', 'GLN']","['B', 'A']","[8273, 8273]",6omp,3
6omp,MN,"[40.238, 54.562, 33.852]","['ASP', 'ASP', 'HIS', 'HIS', 'GLU', 'ASP']",['B'],[8273],6omp,6
6omp,MN,"[42.272, 53.429, 30.989]","['GLU', 'GLU', 'ASP', 'HIS', 'GLU']",['B'],[8273],6omp,5
6omp,MN,"[45.019, 60.171, 24.742]","['GLN', 'LEU', 'GLY']","['B', 'A']","[8273, 8273]",6omp,3
6qtb,MG,"[-9.376, 8.052, 31.981]","['SER', 'SER', 'THR', 'GLU']","['B', 'A']","[8420, 8420]",6qtb,4
6qtb,MG,"[31.685, 9.358, 6.426]","['SER', 'SER', 'THR', 'GLU']","['D', 'E']","[8422, 8422]",6qtb,4
6gez,CA,"[-41.057, -9.283, -11.352]","['ASP', 'ASP', 'ASN', 'PHE', 'GLU', 'GLU']",['A'],[7604],6gez,6
6gez,CA,"[-40.545, -1.559, -20.595]","['ASP', 'ASP', 'ASN', 'ARG', 'GLU', 'GLU']",['A'],[7604],6gez,6
6gez,CA,"[-27.176, -28.183, 30.309]","['ASP', 'ASP', 'ASN', 'PHE', 'GLU', 'GLU']",['B'],[7604],6gez,6
6gez,CA,"[-26.727, -18.706, 37.672]","['ASP', 'ASP', 'ASN', 'ARG', 'GLU', 'GLU']",['B'],[7604],6gez,6
6eet,CA,"[52.406, -24.259, 13.49]","['GLU', 'GLU', 'ASP', 'GLU', 'ASP', 'ASP']",['A'],[7425],6eet,6
6eet,CA,"[53.916, -18.163, 11.696]","['ASN', 'HIS', 'ASP', 'ASP', 'TYR', 'ASP']",['A'],[7425],6eet,6
6eet,CA,"[48.507, -26.24, 13.3]","['GLU', 'ASP', 'GLU', 'ASP']",['A'],[7425],6eet,4
6eet,CA,"[23.191, -65.912, 43.949]","['ASN', 'TYR', 'ASP', 'ASP', 'ASP', 'ALA', 'ASP']",['A'],[7425],6eet,7
6ie3,MN,"[-34.111, -5.555, -33.273]","['HIS', 'ASP', 'HIS']",['A'],[7842],6ie3,3
6idy,CA,"[-6.142, 31.395, -55.85]","['ASP', 'ASP', 'ALA', 'HIS', 'GLY']",['A'],[7821],6idy,5
6idy,CA,"[-54.806, 40.475, 24.318]","['ASP', 'ASP', 'ALA', 'HIS', 'GLY']",['B'],[7821],6idy,5
6idy,CA,"[-20.205, 64.034, -14.192]","['ASP', 'ASP', 'ALA', 'HIS', 'GLY']",['C'],[7821],6idy,5
6pt9,CA,"[-4.112, 13.56, -26.714]","['ASP', 'ASP', 'SER', 'ASP', 'ASP', 'GLN']",['A'],[8356],6pt9,6
6pt9,CA,"[-12.85, 49.617, -17.162]","['ASP', 'ASP', 'SER', 'ASP', 'ASP', 'GLN']",['B'],[8356],6pt9,6
6p1g,CU,"[-2.789, 37.714, 21.472]","['MET', 'HIS', 'HIS', 'HIS']",['A'],[8305],6p1g,4
6p1g,ZN,"[14.526, 31.953, 10.465]","['HIS', 'HIS', 'HIS', 'GLU']",['A'],[8305],6p1g,4
6p1g,CU,"[39.965, 21.478, 23.84]","['MET', 'HIS', 'HIS', 'HIS']",['B'],[8305],6p1g,4
6p1g,ZN,"[19.169, 16.01, 21.823]","['HIS', 'HIS', 'GLU']",['B'],[8305],6p1g,3
6nff,CA,"[31.046, 79.517, 47.098]","['ASP', 'ASP', 'ASP', 'LYS', 'ASP']",['A'],[8189],6nff,5
6sg8,CA,"[8.307, 31.053, 9.879]","['ASP', 'ASP', 'THR', 'THR', 'GLY', 'TYR']",['A'],[8600],6sg8,6
6sg8,CA,"[78.544, 28.883, 17.997]","['ASP', 'ASP', 'THR', 'THR', 'GLY', 'TYR']",['B'],[8600],6sg8,6
6pwj,MG,"[45.607, -42.696, 5.986]","['GLU', 'ASN', 'GLU', 'ASP']",['A'],[8363],6pwj,4
6pwj,MG,"[41.799, -78.122, 17.336]","['GLU', 'ASN', 'GLU', 'ASP']",['B'],[8363],6pwj,4
6jpn,MN,"[122.005, -20.009, 83.903]","['HIS', 'ASP', 'HIS']",['A'],[7938],6jpn,3
6jpn,CA,"[125.769, -21.664, 77.415]","['GLU', 'GLU', 'GLU', 'HIS', 'ASP', 'ASP']",['A'],[7938],6jpn,6
6jpn,CA,"[141.247, -37.33, 90.472]","['ASP', 'THR', 'ASP', 'ASP', 'GLN']",['A'],[7938],6jpn,5
6jpn,MG,"[104.673, -23.923, 68.615]","['PRO', 'ASP', 'GLU', 'GLU']",['A'],[7938],6jpn,4
6nsi,FE,"[40.881, 28.234, 22.529]","['HIS', 'HIS', 'HIS', 'ASP', 'ASP']",['A'],[8201],6nsi,5
6u7l,CA,"[-7.45, 16.934, 232.417]","['GLN', 'CYS', 'GLU', 'ALA', 'ASP']",['A'],[8781],6u7l,5
6u7l,CA,"[-15.607, -10.745, 218.545]","['GLN', 'CYS', 'GLU', 'ALA', 'ASP']",['B'],[8781],6u7l,5
6u7l,CA,"[8.697, 0.87, 279.478]","['GLN', 'CYS', 'GLU', 'ALA', 'ASP']",['C'],[8781],6u7l,5
6u7l,CA,"[0.08, 28.867, 291.667]","['GLN', 'CYS', 'GLU', 'ALA', 'ASP']",['D'],[8781],6u7l,5
6ibi,CU,"[82.846, 42.799, 67.151]","['HIS', 'HIS', 'HIS', 'ASP', 'ASP']",['A'],[7801],6ibi,5
6ibi,CU,"[51.068, 39.074, 90.011]","['HIS', 'HIS', 'HIS', 'ASP', 'ASP']",['B'],[7801],6ibi,5
6ibi,CU,"[86.488, 34.959, 28.071]","['HIS', 'HIS', 'HIS', 'ASP', 'ASP']",['C'],[7801],6ibi,5
6ibi,CU,"[56.032, 88.033, 44.265]","['HIS', 'HIS', 'HIS', 'ASP']",['D'],[7801],6ibi,4
6pw7,CA,"[28.786, 56.262, 6.87]","['ASP', 'ASP', 'SER', 'SER', 'GLU', 'GLU']",['A'],[8361],6pw7,6
6pw7,CA,"[0.385, 28.831, 28.449]","['ASP', 'ASP', 'SER', 'SER', 'GLU', 'GLU']",['B'],[8361],6pw7,6
6ist,CA,"[20.572, -1.729, -1.241]","['ASP', 'ASP', 'TRP', 'GLY', 'ASP', 'ASP']",['C'],[7858],6ist,6
6qk5,ZN,"[-15.28, 29.449, -14.258]","['CYS', 'CYS', 'CYS', 'CYS']",['A'],[8407],6qk5,4
6qk5,ZN,"[-15.536, 33.237, -15.543]","['CYS', 'CYS', 'CYS', 'CYS']",['A'],[8407],6qk5,4
6qk5,ZN,"[-16.289, 32.285, -11.71]","['CYS', 'CYS', 'CYS', 'CYS']",['A'],[8407],6qk5,4
6qk5,ZN,"[-4.136, 36.263, -5.196]","['CYS', 'CYS', 'CYS', 'CYS']",['A'],[8407],6qk5,4
6qk5,ZN,"[-5.419, 35.19, -1.977]","['CYS', 'CYS', 'CYS', 'CYS']",['A'],[8407],6qk5,4
6qk5,ZN,"[-2.443, 37.788, -2.293]","['CYS', 'CYS', 'CYS', 'CYS']",['A'],[8407],6qk5,4
6k0m,CA,"[70.777, 51.017, 29.6]","['GLU', 'GLU', 'GLU', 'SER', 'SER', 'ASP', 'ASP']",['A'],[7960],6k0m,7
6p7o,MG,"[69.764, 82.13, 109.44]","['ASP', 'GLU', 'ALA']",['A'],[8321],6p7o,3
6ljd,CA,"[-21.624, 32.943, -5.066]","['GLY', 'ASP', 'GLU', 'GLU', 'ASP', 'ASP']",['C'],[8045],6ljd,6
6ljd,CA,"[-48.313, 62.253, -15.223]","['ASN', 'ASP', 'GLU', 'GLU']",['C'],[8045],6ljd,4
6ljd,CA,"[-31.398, 45.598, -0.287]","['GLU', 'ASP', 'ASP', 'ASP', 'ASP']",['C'],[8045],6ljd,5
6ljc,CA,"[39.114, -2.143, -9.068]","['GLY', 'ASP', 'GLU', 'GLU', 'ASP', 'ASP']",['C'],[8045],6ljc,6
6ljc,CA,"[77.835, -10.621, 1.159]","['ASN', 'ASP', 'GLU', 'GLU']",['C'],[8045],6ljc,4
6ljc,MG,"[55.132, -4.362, -13.778]","['GLU', 'ASP', 'ASP', 'ASP', 'ASP']",['C'],[8045],6ljc,5
6j2l,ZN,"[47.842, 42.376, 35.587]","['ASP', 'ASP', 'ASP']",['A'],[7878],6j2l,3
6j2l,ZN,"[41.23, 30.165, 17.095]","['CYS', 'CYS', 'CYS']","['B', 'A']","[7878, 7878]",6j2l,3
6j2l,ZN,"[72.912, 41.689, -3.851]","['GLU', 'GLU', 'GLU', 'ASP']",['A'],[7878],6j2l,4
6j2l,MG,"[84.011, 34.646, 11.699]","['GLU', 'GLU', 'GLU', 'ASP']",['B'],[7878],6j2l,4
6j2l,ZN,"[38.793, 34.217, 22.477]","['ASP', 'ASP', 'ASP']",['B'],[7878],6j2l,3
6pbc,CA,"[-9.924, 10.549, -48.427]","['ASN', 'GLU', 'ASP', 'ASP', 'GLU']",['A'],[11159],6pbc,5
6jn0,ZN,"[12.34, 48.817, 6.466]","['HIS', 'ASP', 'HIS']",['A'],[7930],6jn0,3
6j4b,ZN,"[25.763, 10.311, 25.313]","['HIS', 'GLU', 'GLU', 'HIS']",['A'],[9770],6j4b,4
6jn8,ZN,"[-35.947, 33.771, 6.33]","['HIS', 'ASP', 'ASP', 'HIS']",['A'],[7932],6jn8,4
6j4c,ZN,"[-25.302, 10.905, 7.413]","['HIS', 'HIS', 'GLU', 'HIS']",['A'],[9770],6j4c,4
6noz,ZN,"[43.333, 47.892, 88.385]","['CYS', 'CYS', 'CYS', 'HIS']",['A'],[8030],6noz,4
6q09,FE,"[-12.523, 39.058, 0.809]","['HIS', 'HIS', 'GLU', 'GLU']",['A'],[8752],6q09,4
6q09,FE,"[-10.29, 41.237, 0.126]","['GLU', 'TYR', 'HIS', 'HIS', 'GLU']",['A'],[8752],6q09,5
6vhf,ZN,"[34.332, 12.063, 15.585]","['CYS', 'CYS', 'CYS', 'HIS']",['A'],[8905],6vhf,4
6soq,FE,"[28.933, -11.258, -35.764]","['GLU', 'GLU', 'HIS']",['A'],[8623],6soq,3
6soq,FE,"[26.419, -11.015, -37.949]","['GLU', 'GLU', 'GLU']",['A'],[8623],6soq,3
6soo,FE,"[28.972, -11.368, -35.489]","['GLU', 'GLU', 'HIS']",['A'],[8623],6soo,3
6soo,FE,"[26.368, -10.92, -37.962]","['GLU', 'GLU', 'GLU']",['A'],[8623],6soo,3
6p3z,ZN,"[11.907, 15.643, -10.704]","['HIS', 'CYS', 'CYS']",['A'],[11988],6p3z,3
6p3z,ZN,"[-14.643, -15.212, 6.419]","['HIS', 'CYS', 'CYS']",['B'],[11988],6p3z,3
6p3x,ZN,"[12.292, 15.664, -10.478]","['HIS', 'CYS', 'CYS']",['A'],[11988],6p3x,3
6p3x,ZN,"[-14.667, -15.349, 6.752]","['HIS', 'CYS', 'CYS']",['B'],[11988],6p3x,3
6p3y,ZN,"[12.236, 15.771, -10.408]","['HIS', 'CYS', 'CYS']",['A'],[11988],6p3y,3
6p3y,ZN,"[-14.718, -15.535, 6.293]","['HIS', 'CYS', 'CYS']",['B'],[11988],6p3y,3
6rcz,MG,"[72.189, 3.221, -7.626]","['ASP', 'ASP', 'ASP']",['A'],[8813],6rcz,3
6rcz,MG,"[71.768, -35.158, 0.925]","['ASP', 'ASP', 'ASP']",['E'],[8813],6rcz,3
6t0q,CA,"[11.113, 107.014, 24.332]","['ASP', 'ASP', 'ASN', 'SER', 'PRO']",['A'],[8668],6t0q,5
6t0q,CA,"[15.771, 65.875, -0.193]","['ASP', 'ASP', 'ASN', 'GLY', 'PRO']",['A'],[8668],6t0q,5
6tm6,CA,"[25.539, 16.399, 13.677]","['ASN', 'ASP', 'ASP', 'ASP', 'GLU', 'ASP', 'TYR']",['A'],[8717],6tm6,7
6tm6,CA,"[24.772, 18.271, 20.79]","['ASP', 'HIS', 'SER', 'ASP', 'GLY']",['A'],[8717],6tm6,5
6o9n,CA,"[-40.83, 12.055, 252.477]","['THR', 'PHE', 'ASP', 'TYR', 'LEU']",['A'],[8238],6o9n,5
6o9n,CA,"[-59.595, 45.235, 296.132]","['THR', 'PHE', 'ASP', 'TYR', 'LEU']",['B'],[8238],6o9n,5
6oae,CA,"[3.125, 25.303, 11.668]","['GLU', 'GLU', 'GLU', 'ASP', 'VAL', 'ASP', 'ASP']",['A'],[8240],6oae,7
6oae,CA,"[-0.833, 24.597, 11.617]","['GLU', 'ASP', 'GLU', 'ASP']",['A'],[8240],6oae,4
6oae,CA,"[7.279, 22.358, 7.408]","['ASN', 'ASN', 'ASP', 'ASP', 'ASP', 'ASP', 'ASP']",['A'],[8240],6oae,7
6rkh,CA,"[33.824, 72.583, 5.042]","['ASP', 'ASN', 'ASP', 'LYS', 'ASP']",['A'],[8510],6rkh,5
6jtf,ZN,"[-25.478, 10.732, 7.436]","['HIS', 'HIS', 'GLU', 'HIS', 'TRP']",['A'],[7940],6jtf,5
6rl2,CA,"[-24.687, 55.52, 14.238]","['ASP', 'ASN', 'ASP', 'LYS', 'ASP']",['A'],[8510],6rl2,5
6rl1,CA,"[-25.032, -55.447, -14.194]","['ASP', 'ASN', 'ASP', 'LYS', 'ASP']",['A'],[8510],6rl1,5
6unc,MN,"[22.344, 23.118, 45.385]","['ASP', 'HIS', 'ASP', 'HIS']",['A'],[8811],6unc,4
6unc,FE,"[24.175, 21.371, 42.868]","['ASP', 'ASN', 'HIS', 'HIS']",['A'],[8811],6unc,4
6unc,MN,"[25.288, -20.573, 41.672]","['ASP', 'HIS', 'ASP', 'HIS']",['B'],[8811],6unc,4
6unc,FE,"[27.077, -19.604, 38.826]","['ASP', 'ASN', 'HIS', 'HIS']",['B'],[8811],6unc,4
6unc,MN,"[28.388, -43.822, 4.948]","['ASP', 'HIS', 'ASP', 'HIS']",['C'],[8811],6unc,4
6unc,FE,"[30.21, -40.981, 3.954]","['ASP', 'ASN', 'HIS', 'HIS']",['C'],[8811],6unc,4
6unc,MN,"[17.883, 2.798, -6.377]","['ASP', 'HIS', 'ASP', 'HIS']",['D'],[8811],6unc,4
6unc,FE,"[16.01, 5.783, -6.355]","['ASP', 'ASN', 'HIS', 'HIS']",['D'],[8811],6unc,4
6wkp,ZN,"[0.836, 6.007, 43.838]","['ASP', 'HIS', 'HIS']","['D', 'A']","[8994, 8994]",6wkp,3
6wkp,ZN,"[10.513, -12.667, 18.8]","['HIS', 'ASP', 'ASP', 'HIS']","['B', 'A']","[8994, 8994]",6wkp,4
6wkp,ZN,"[11.682, 16.25, 9.643]","['HIS', 'ASP', 'HIS']","['B', 'C']","[8994, 8994]",6wkp,3
6wkp,ZN,"[0.315, 33.798, 32.876]","['HIS', 'ASP', 'HIS']","['D', 'C']","[8994, 8994]",6wkp,3
6ju8,CU,"[-10.913, -16.902, 11.77]","['HIS', 'HIS', 'HIS']",['A'],[7943],6ju8,3
6ju8,CU,"[-9.798, -19.17, 14.953]","['HIS', 'HIS', 'HIS']",['A'],[7943],6ju8,3
6ju8,CU,"[-20.258, -22.629, 61.262]","['HIS', 'HIS', 'HIS']",['B'],[7943],6ju8,3
6ju8,CU,"[-21.817, -23.539, 57.523]","['HIS', 'HIS', 'HIS']",['B'],[7943],6ju8,3
6yyt,ZN,"[99.674, 123.187, 84.023]","['HIS', 'CYS', 'CYS', 'CYS']",['A'],[11974],6yyt,4
6yyt,ZN,"[81.248, 118.052, 92.573]","['CYS', 'HIS', 'CYS', 'CYS']",['A'],[11974],6yyt,4
6ori,CA,"[-3.637, -18.277, -4.822]","['SER', 'ASP', 'GLY', 'ASP', 'LEU', 'ASP']",['A'],[8288],6ori,6
6wby,CA,"[95.415, 129.741, 142.037]","['ALA', 'ASP', 'ASP', 'THR', 'THR', 'THR', 'GLU']",['A'],[8967],6wby,7
6wby,CA,"[89.684, 155.309, 122.463]","['ALA', 'ASP', 'ASP', 'THR', 'THR', 'ALA']",['A'],[8967],6wby,6
6wbx,CA,"[94.842, 129.73, 142.614]","['ALA', 'ASP', 'ASP', 'THR', 'THR', 'THR', 'GLU']",['A'],[8967],6wbx,7
6wbx,CA,"[89.507, 155.254, 122.52]","['ALA', 'ASP', 'ASP', 'THR', 'THR', 'ALA']",['A'],[8967],6wbx,6
6uxu,ZN,"[40.218, 50.602, 46.181]","['ASP', 'HIS', 'ASN', 'HIS']",['A'],[8836],6uxu,4
6uxu,ZN,"[31.008, 64.294, 36.135]","['HIS', 'ASP', 'ASP', 'HIS', 'ASP']","['B', 'A']","[8836, 8836]",6uxu,5
6uxu,ZN,"[37.202, 78.698, 47.414]","['ASP', 'HIS', 'ASN', 'HIS']",['B'],[8836],6uxu,4
6ju9,CU,"[-11.138, -16.936, 11.787]","['HIS', 'HIS', 'HIS']",['A'],[7943],6ju9,3
6ju9,CU,"[-9.985, -19.346, 14.994]","['HIS', 'HIS', 'HIS']",['A'],[7943],6ju9,3
6ju9,CU,"[-20.585, -22.43, 61.228]","['HIS', 'HIS', 'HIS']",['B'],[7943],6ju9,3
6ju9,CU,"[-22.211, -23.458, 57.451]","['HIS', 'HIS', 'HIS']",['B'],[7943],6ju9,3
6m77,CA,"[10.651, 7.538, -34.111]","['ALA', 'GLU', 'GLU', 'GLU']",['A'],[9804],6m77,4
6m5a,CA,"[-10.943, 31.341, 7.02]","['ASN', 'ASN', 'ASN', 'LEU', 'ASP', 'ASP']",['A'],[8090],6m5a,6
6m5a,CA,"[-27.596, 9.466, 35.534]","['ASP', 'ASN', 'ASP', 'VAL', 'ASP', 'ASP']",['A'],[8090],6m5a,6
6m5a,CA,"[6.17, -7.886, 26.889]","['ASP', 'THR', 'ASP', 'ASP']",['A'],[8090],6m5a,4
6k88,CA,"[4.749, 11.764, 142.844]","['ASN', 'ASP', 'ASP', 'ASP', 'LEU']",['A'],[12054],6k88,5
6k88,CA,"[-1.67, -3.897, 164.579]","['THR', 'SER', 'THR', 'GLN']",['A'],[12054],6k88,4
6k88,CA,"[-9.503, -7.801, 145.283]","['ASP', 'ASP', 'GLN', 'GLU']",['A'],[12054],6k88,4
6k88,CA,"[-11.718, -4.644, 145.991]","['ASP', 'ASP', 'ASP', 'ASP', 'PHE', 'GLU', 'GLU']",['A'],[12054],6k88,7
6k88,CA,"[-9.13, -3.226, 126.031]","['ASP', 'ASP', 'ASP', 'ASP', 'PHE', 'GLU', 'GLU']",['B'],[12054],6k88,7
6k88,CA,"[-6.702, -0.331, 127.464]","['ASP', 'ASP', 'GLN', 'GLU']",['B'],[12054],6k88,4
6k88,CA,"[7.032, -19.948, 123.711]","['ASN', 'ASP', 'ASP', 'ASP', 'LEU']",['B'],[12054],6k88,5
6k88,CA,"[-0.387, 0.58, 107.358]","['THR', 'SER', 'THR', 'GLN']",['B'],[12054],6k88,4
6kcv,CA,"[-5.339, -15.217, 4.091]","['ASN', 'ASN', 'GLY', 'ASP', 'ASP']",['B'],[7983],6kcv,5
6kcv,CA,"[-26.867, -4.406, 0.666]","['ASN', 'ASN', 'GLY', 'ASP', 'ASP']",['A'],[7983],6kcv,5
6kcv,CA,"[-33.943, -79.659, -7.347]","['ASN', 'ASN', 'GLY', 'ASP', 'ASP']",['C'],[7983],6kcv,5
6ucp,ZN,"[1.712, 3.343, -1.172]","['CYS', 'CYS', 'HIS', 'HIS']",['A'],[12464],6ucp,4
6vda,ZN,"[2.496, 26.815, 37.639]","['HIS', 'ASP', 'GLU', 'GLU', 'GLU', 'GLU']",['A'],[8896],6vda,6
6pfz,CA,"[22.932, 2.959, 137.633]","['ASP', 'THR', 'ASP', 'LEU']","['B', 'A']","[8337, 8337]",6pfz,4
6pfz,CA,"[48.733, 2.934, 136.945]","['ASP', 'LEU', 'ASP', 'THR']","['B', 'A']","[8337, 8337]",6pfz,4
6pfz,CA,"[-17.528, 19.104, 204.573]","['ASP', 'THR', 'ASP', 'LEU']","['D', 'C']","[8337, 8337]",6pfz,4
6pfz,CA,"[8.492, 19.035, 204.916]","['ASP', 'LEU', 'ASP', 'THR']","['D', 'C']","[8337, 8337]",6pfz,4
6vcg,CO,"[15.883, 23.501, 20.595]","['HIS', 'HIS', 'HIS', 'HIS']",['A'],[8892],6vcg,4
6vcg,CO,"[59.568, 63.166, 21.708]","['HIS', 'HIS', 'HIS', 'HIS']",['B'],[8892],6vcg,4
6vcg,CO,"[15.11, 28.93, -19.403]","['HIS', 'HIS', 'HIS', 'HIS']",['C'],[8892],6vcg,4
6vcg,CO,"[63.658, 67.721, -18.067]","['HIS', 'HIS', 'HIS', 'HIS']",['D'],[8892],6vcg,4
6vcg,CO,"[72.099, 5.642, 21.106]","['HIS', 'HIS', 'HIS', 'HIS']",['E'],[8892],6vcg,4
6vcg,CO,"[73.288, 6.631, -19.387]","['HIS', 'HIS', 'HIS', 'HIS']",['F'],[8892],6vcg,4
6vch,CO,"[15.553, 23.397, 20.434]","['HIS', 'HIS', 'HIS', 'HIS']",['A'],[8892],6vch,4
6vch,CO,"[59.276, 62.549, 21.621]","['HIS', 'HIS', 'HIS', 'HIS']",['B'],[8892],6vch,4
6vch,CO,"[14.245, 29.09, -19.323]","['HIS', 'HIS', 'HIS', 'HIS']",['C'],[8892],6vch,4
6vch,CO,"[63.228, 67.266, -17.961]","['HIS', 'HIS', 'HIS', 'HIS']",['D'],[8892],6vch,4
6vch,CO,"[71.251, 4.978, 20.838]","['HIS', 'HIS', 'HIS', 'HIS']",['E'],[8892],6vch,4
6vch,CO,"[71.702, 6.213, -19.493]","['HIS', 'HIS', 'HIS', 'HIS']",['F'],[8892],6vch,4
6s0p,FE,"[20.34, 31.271, 22.221]","['HIS', 'HIS', 'HIS', 'HIS']",['A'],[9569],6s0p,4
6z7p,CA,"[107.852, 153.247, 143.732]","['GLY', 'ALA', 'ASP', 'GLY', 'GLU']",['A'],[9214],6z7p,5
6z7p,CA,"[110.535, 150.381, 140.668]","['ASN', 'ASN', 'ASP', 'ASP', 'GLY', 'ASP', 'ASP']",['A'],[9214],6z7p,7
6z7p,CA,"[122.82, 146.199, 154.359]","['THR', 'GLY', 'ASP', 'THR', 'THR', 'ASP', 'ASP']",['A'],[9214],6z7p,7
6z7p,CA,"[70.422, 167.093, 177.827]","['LEU', 'ASP', 'ASP']",['A'],[9214],6z7p,3
6z7p,CA,"[62.603, 162.508, 181.055]","['ALA', 'ASP', 'ASP', 'ASP']",['A'],[9214],6z7p,4
6z7p,CA,"[47.691, 139.656, 164.235]","['GLY', 'GLY', 'ASP', 'MET', 'ALA', 'ASP', 'ASP']",['A'],[9214],6z7p,7
6z7p,CA,"[43.735, 137.751, 164.031]","['GLY', 'GLY', 'ASP', 'GLY', 'ASP', 'ASP']",['A'],[9214],6z7p,6
6z7p,CA,"[38.986, 135.645, 163.934]","['GLY', 'GLY', 'ASP', 'GLY', 'GLU']",['A'],[9214],6z7p,5
6z7p,CA,"[24.602, 111.17, 176.393]","['ALA', 'GLY', 'ASP', 'GLY', 'GLU']",['A'],[9214],6z7p,5
6z7p,CA,"[58.804, 114.551, 174.532]","['SER', 'ASP', 'ASP', 'ASN', 'THR']",['A'],[9214],6z7p,5
6z7p,CA,"[52.157, 97.276, 172.498]","['GLY', 'GLY', 'ASP', 'ALA', 'ASP', 'ASP']",['A'],[9214],6z7p,6
6z7p,CA,"[53.281, 92.863, 171.809]","['GLY', 'ASP', 'THR', 'ASP']",['A'],[9214],6z7p,4
6z7p,CA,"[54.85, 88.294, 171.01]","['GLY', 'GLY', 'ASP', 'ASP']",['A'],[9214],6z7p,4
6z7p,CA,"[38.359, 88.762, 182.05]","['SER', 'ALA', 'ASP', 'GLY', 'ASP', 'ASP']",['A'],[9214],6z7p,6
6z7p,CA,"[45.906, 67.039, 192.193]","['ALA', 'GLY', 'ASP', 'ASP', 'GLY']",['A'],[9214],6z7p,5
6z7p,CA,"[77.498, 118.812, 113.523]","['SER', 'ASN', 'ASP', 'ASP']",['A'],[9214],6z7p,4
6z7p,CA,"[79.996, 118.435, 121.373]","['LEU', 'ASP', 'ASP']",['A'],[9214],6z7p,3
6z7p,CA,"[89.502, 123.753, 133.752]","['ASP', 'ASP', 'ASP', 'ASP', 'ALA']",['A'],[9214],6z7p,5
6s7e,FE,"[32.229, 40.429, 22.468]","['HIS', 'HIS', 'HIS']",['A'],[9569],6s7e,3
6ksy,ZN,"[50.987, 94.963, 14.42]","['CYS', 'ASP', 'ASP', 'ASP']",['A'],[8014],6ksy,4
6ksy,ZN,"[47.728, 94.153, 15.12]","['ASP', 'HIS', 'ASP', 'ASP', 'ASP']",['A'],[8014],6ksy,5
6ksy,ZN,"[38.131, 68.788, 51.159]","['ASP', 'HIS', 'ASP', 'ASP', 'ASP']",['B'],[8014],6ksy,5
6ksy,ZN,"[41.207, 68.749, 49.728]","['CYS', 'ASP', 'ASP', 'ASP']",['B'],[8014],6ksy,4
6ksy,ZN,"[41.743, 117.742, 43.342]","['CYS', 'ASP', 'ASP', 'ASP']",['C'],[8014],6ksy,4
6ksy,ZN,"[41.387, 118.48, 40.007]","['ASP', 'HIS', 'ASP', 'ASP', 'ASP']",['C'],[8014],6ksy,5
6ksy,ZN,"[21.728, 93.704, -12.409]","['CYS', 'ASP', 'ASP', 'ASP']",['D'],[8014],6ksy,4
6ksy,ZN,"[21.266, 93.573, -9.072]","['ASP', 'HIS', 'ASP', 'ASP', 'ASP']",['D'],[8014],6ksy,5
6ov6,MN,"[27.159, 16.301, 84.312]","['HIS', 'HIS', 'HIS', 'HIS', 'HIS', 'HIS']","['B', 'A', 'C']","[8292, 8292, 8292]",6ov6,6
6y4f,ZN,"[-11.2, 1.853, 26.819]","['HIS', 'HIS', 'HIS', 'GLU', 'GLU']",['A'],[9104],6y4f,5
6ktz,MG,"[20.956, 141.349, 48.719]","['TRP', 'ASN', 'THR', 'ASP', 'ASP']",['A'],[8016],6ktz,5
6ktz,MG,"[0.917, 145.472, 47.053]","['MET', 'SER', 'SER']",['A'],[8016],6ktz,3
7by1,ZN,"[-1.627, 31.577, -9.663]","['CYS', 'CYS', 'CYS', 'HIS']",['A'],[9530],7by1,4
7by1,ZN,"[2.117, 29.672, -10.038]","['CYS', 'CYS', 'CYS', 'HIS']",['A'],[9530],7by1,4
7by1,ZN,"[-5.558, -4.709, 31.251]","['CYS', 'CYS', 'CYS', 'HIS']",['B'],[9530],7by1,4
7by1,ZN,"[-8.833, -6.671, 29.528]","['CYS', 'CYS', 'CYS', 'HIS']",['B'],[9530],7by1,4
6upd,MG,"[5.643, 15.209, 52.644]","['ASP', 'ASP', 'ASP']",['A'],[8813],6upd,3
6upd,MG,"[-16.299, -1.344, 2.887]","['ASP', 'ASP', 'ASP']",['B'],[8813],6upd,3
6vt2,CA,"[88.798, 115.638, 2.935]","['THR', 'THR', 'TYR', 'ASP', 'ASP']",['A'],[8927],6vt2,5
6vt2,CA,"[91.131, 17.007, 31.861]","['ASP', 'ASP', 'THR', 'ASP', 'ASP', 'ASP']",['A'],[8927],6vt2,6
6vt2,CA,"[86.788, 45.207, -4.127]","['THR', 'THR', 'TYR', 'ASP', 'ASP']",['A'],[8927],6vt2,5
6vt2,CA,"[86.584, 74.979, -16.293]","['ASP', 'ASP', 'VAL', 'ASP', 'ASP', 'ASN', 'ASP']",['A'],[8927],6vt2,7
6vt2,CA,"[77.476, 116.253, -5.245]","['THR', 'THR', 'TYR', 'ASP', 'ASP']",['E'],[8927],6vt2,5
6vt2,CA,"[79.8, 76.142, 14.959]","['ASP', 'ASP', 'VAL', 'ASP', 'ASP', 'ASN', 'ASP']",['E'],[8927],6vt2,7
6vt2,CA,"[74.865, 17.46, -29.876]","['ASP', 'ASP', 'THR', 'ASP', 'ASP', 'ASP']",['E'],[8927],6vt2,6
6vt2,CA,"[80.007, 45.528, 6.028]","['THR', 'THR', 'TYR', 'ASP', 'ASP']",['E'],[8927],6vt2,5
6vs7,CA,"[91.078, 17.395, 32.357]","['ASP', 'ASP', 'THR', 'ASP', 'ASP', 'ASP']",['A'],[8927],6vs7,6
6vs7,CA,"[88.467, 115.467, 3.136]","['THR', 'TYR', 'ASP', 'ASP']",['A'],[8927],6vs7,4
6vs7,CA,"[86.809, 74.358, -16.095]","['ASP', 'ASP', 'VAL', 'ASP', 'ASP', 'ASN', 'ASP']",['A'],[8927],6vs7,7
6vs7,CA,"[87.056, 44.379, -4.466]","['THR', 'THR', 'TYR', 'ASP']",['A'],[8927],6vs7,4
6vs7,CA,"[74.951, 17.993, -30.196]","['ASP', 'ASP', 'THR', 'ASP', 'ASP', 'ASP']",['E'],[8927],6vs7,6
6vs7,CA,"[80.485, 45.138, 6.307]","['THR', 'THR', 'TYR', 'ASP', 'ASP']",['E'],[8927],6vs7,5
6vs7,CA,"[80.4, 76.137, 15.881]","['ASP', 'ASP', 'VAL', 'ASP', 'ASP', 'ASN', 'ASP']",['E'],[8927],6vs7,7
6vs7,CA,"[78.133, 116.473, -5.195]","['THR', 'THR', 'TYR', 'ASP', 'ASP']",['E'],[8927],6vs7,5
6kvy,MG,"[20.954, 141.244, 48.612]","['TRP', 'ASN', 'ALA', 'ASP', 'ASP']",['A'],[8016],6kvy,5
7jl5,ZN,"[-12.667, -26.346, 23.86]","['CYS', 'HIS', 'CYS', 'CYS']",['A'],[9843],7jl5,4
7jl5,ZN,"[18.329, -23.734, 34.45]","['CYS', 'HIS', 'CYS', 'CYS']",['A'],[9843],7jl5,4
7jl5,ZN,"[17.435, -21.513, -14.916]","['CYS', 'HIS', 'CYS', 'CYS']",['B'],[9843],7jl5,4
7jl5,ZN,"[12.967, -29.193, 17.702]","['CYS', 'HIS', 'CYS', 'CYS']",['B'],[9843],7jl5,4
6sus,CA,"[5.646, 52.73, -7.007]","['ASP', 'GLN', 'ASN', 'GLY', 'GLU', 'ASP', 'ASP']",['A'],[8637],6sus,7
6sus,CA,"[9.452, 53.36, -4.304]","['GLY', 'GLY', 'ASP', 'GLY', 'ALA', 'ASP', 'ASP']",['A'],[8637],6sus,7
6sus,CA,"[13.134, 53.985, -1.759]","['ASP', 'GLY', 'ASP', 'ASN', 'ASN']",['A'],[8637],6sus,5
6sus,CA,"[25.445, 45.103, 12.674]","['SER', 'ARG', 'ASP', 'GLY', 'ALA', 'ASP', 'ASP']",['A'],[8637],6sus,7
6sus,CA,"[26.811, 43.167, 16.689]","['LEU', 'GLY', 'ASP', 'GLY', 'GLU', 'ASP']",['A'],[8637],6sus,6
6sus,CA,"[28.298, 41.321, 20.934]","['ASP', 'GLY', 'ASP', 'GLY', 'GLN', 'ASP', 'ASP']",['A'],[8637],6sus,7
6sus,CA,"[29.716, 39.573, 25.111]","['GLY', 'GLY', 'ASP', 'GLU', 'GLU', 'GLY', 'ASP']",['A'],[8637],6sus,7
6sus,CA,"[32.405, 37.41, 29.34]","['GLY', 'ASP', 'ARG', 'GLU', 'GLU']",['A'],[8637],6sus,5
6sus,CA,"[23.483, 55.866, 31.294]","['ASP', 'GLY', 'ASP', 'TYR', 'ASP', 'ASP']",['A'],[8637],6sus,6
6sus,CA,"[21.059, 57.039, 27.514]","['GLY', 'GLY', 'ASP', 'GLY', 'ALA', 'ASP']",['A'],[8637],6sus,6
6sus,CA,"[18.711, 58.25, 23.887]","['ASP', 'GLY', 'ASN', 'GLY', 'ALA', 'ASP', 'ASP']",['A'],[8637],6sus,7
6sus,CA,"[-2.762, 52.403, 9.557]","['ALA', 'GLY', 'ASP', 'GLY', 'ASP', 'ASP', 'ASP']",['A'],[8637],6sus,7
6sus,CA,"[0.678, 54.584, 11.804]","['GLY', 'GLY', 'ASP', 'GLY', 'ALA', 'ASP']",['A'],[8637],6sus,6
6sus,CA,"[4.232, 56.675, 14.274]","['GLU', 'GLY', 'ASP', 'GLY', 'ASP', 'ASP', 'ASP']",['A'],[8637],6sus,7
6sus,CA,"[7.802, 58.824, 16.533]","['GLY', 'GLY', 'ASP', 'ASN', 'GLU', 'GLU']",['A'],[8637],6sus,6
6xmt,MG,"[150.857, 153.594, 120.924]","['ASP', 'THR', 'ASP']",['A'],[9067],6xmt,3
6z2d,ZN,"[72.234, 66.086, 25.183]","['GLN', 'ASP', 'PRO', 'GLN', 'ASP']",['A'],[9197],6z2d,5
6z2d,ZN,"[79.587, 63.09, 15.119]","['HIS', 'HIS', 'HIS']",['A'],[9197],6z2d,3
6z2p,CA,"[30.092, 101.904, 16.703]","['GLN', 'ASP', 'PRO', 'GLN', 'ASP']",['A'],[9196],6z2p,5
6y5n,ZN,"[79.279, 77.02, 10.8]","['CYS', 'CYS', 'HIS', 'CYS']",['A'],[9095],6y5n,4
6y5n,ZN,"[80.43, 68.579, 22.425]","['CYS', 'HIS', 'CYS', 'CYS']",['A'],[9095],6y5n,4
6y5n,ZN,"[81.367, 26.315, 18.431]","['CYS', 'HIS', 'CYS', 'CYS']",['B'],[9095],6y5n,4
6y5n,ZN,"[69.337, 19.347, 15.076]","['CYS', 'CYS', 'HIS', 'CYS']",['B'],[9095],6y5n,4
6tr4,MG,"[-3.235, -31.043, 1.215]","['SER', 'THR', 'ASP']",['A'],[8287],6tr4,3
6tr4,MG,"[9.739, -21.165, 11.609]","['ASP', 'PHE', 'GLU']",['A'],[8287],6tr4,3
6tr4,CA,"[-3.481, 17.348, 12.944]","['ASN', 'ASP', 'ASN', 'THR', 'THR', 'SER', 'GLU']",['A'],[8287],6tr4,7
6tr4,CA,"[-13.155, -26.859, -14.295]","['SER', 'GLY', 'ASP', 'ASP', 'LYS']",['A'],[8287],6tr4,5
6tr4,CA,"[-10.006, -15.212, 9.915]","['LEU', 'GLY', 'GLU']",['A'],[8287],6tr4,3
6tr4,MG,"[9.397, 68.573, 35.216]","['SER', 'THR', 'ASP']",['B'],[8287],6tr4,3
6tr4,MG,"[22.376, 58.878, 24.877]","['ASP', 'PHE', 'GLU']",['B'],[8287],6tr4,3
6tr4,CA,"[-0.523, 64.463, 50.732]","['SER', 'GLY', 'ASP', 'ASP', 'LYS']",['B'],[8287],6tr4,5
6tr4,CA,"[9.412, 20.264, 23.598]","['ASN', 'ASP', 'ASN', 'THR', 'THR', 'SER', 'GLU']",['B'],[8287],6tr4,7
6tr4,CA,"[2.633, 52.684, 26.65]","['LEU', 'GLY', 'GLU']",['B'],[8287],6tr4,3
7af1,ZN,"[-9.786, 22.366, 2.494]","['HIS', 'HIS', 'HIS', 'ASP']",['A'],[10657],7af1,4
7af1,ZN,"[-16.638, 11.378, 23.346]","['HIS', 'HIS', 'CYS', 'CYS']",['A'],[10657],7af1,4
7af1,ZN,"[-7.343, 21.563, 0.532]","['ASP', 'HIS', 'ASP']",['A'],[10657],7af1,3
7byt,CA,"[-15.743, -6.471, 0.984]","['GLU', 'GLU', 'GLU', 'SER', 'LYS', 'ASP', 'ASP']",['A'],[9532],7byt,7
7bys,CA,"[13.671, 49.361, 29.978]","['GLU', 'GLU', 'GLU', 'SER', 'LYS', 'ASP', 'ASP']",['A'],[9532],7bys,7
7bys,CA,"[9.349, 6.836, 21.706]","['GLU', 'GLU', 'GLU', 'SER', 'LYS', 'ASP', 'ASP']",['B'],[9532],7bys,7
7c7d,CA,"[26.749, 14.389, 32.142]","['GLU', 'GLU', 'GLU', 'SER', 'GLN', 'ASP', 'ASP']",['A'],[9549],7c7d,7
7c7d,CA,"[-1.099, 15.985, -6.419]","['GLU', 'GLU', 'GLU', 'SER', 'GLN', 'ASP', 'ASP']",['B'],[9549],7c7d,7
6tcb,CA,"[-11.026, -4.979, 20.612]","['ASP', 'ASP', 'ASP', 'ASP']","['B', 'A']","[8681, 8681]",6tcb,4
6za3,ZN,"[-4.118, -3.911, -33.984]","['ASN', 'HIS', 'HIS', 'HIS']",['A'],[11060],6za3,4
6za3,ZN,"[3.268, -37.671, -33.572]","['ASN', 'HIS', 'HIS', 'HIS']",['B'],[11060],6za3,4
6tnj,CA,"[19.786, 67.346, 56.05]","['ASN', 'THR', 'THR', 'LEU', 'ASP']",['A'],[8720],6tnj,5
7jh6,ZN,"[-20.492, -0.987, 45.649]","['GLU', 'GLU', 'GLU', 'GLU', 'HIS']",['A'],[9834],7jh6,5
7jh6,ZN,"[-17.93, -2.353, 48.09]","['GLU', 'GLU', 'GLU', 'HIS', 'GLU']",['A'],[9834],7jh6,5
7jh6,ZN,"[20.235, 12.675, 39.23]","['GLU', 'GLU', 'GLU', 'GLU', 'HIS']",['B'],[9834],7jh6,5
7jh6,ZN,"[17.557, 10.989, 37.038]","['GLU', 'GLU', 'HIS', 'GLU']",['B'],[9834],7jh6,4
7jh6,ZN,"[-34.279, 1.314, 21.319]","['GLU', 'GLU', 'GLU', 'GLU', 'HIS']",['C'],[9834],7jh6,5
7jh6,ZN,"[-34.798, 2.979, 17.581]","['GLU', 'GLU', 'GLU', 'HIS', 'GLU']",['C'],[9834],7jh6,5
7jh6,ZN,"[34.393, 20.211, 62.427]","['GLU', 'GLU', 'GLU', 'GLU', 'HIS']",['D'],[9834],7jh6,5
7jh6,ZN,"[34.991, 22.439, 65.414]","['GLU', 'GLU', 'GLU', 'HIS', 'GLU']",['D'],[9834],7jh6,5
7df2,CA,"[4.822, 33.582, 37.28]","['CYS', 'ASP', 'ASP', 'ASP', 'ASP', 'ASP']",['A'],[9625],7df2,6
7df2,CA,"[3.879, 35.046, 34.071]","['ASP', 'ASP', 'ASP', 'ASP', 'ASP', 'LYS', 'ASP']",['A'],[9625],7df2,7
7df2,CA,"[0.23, 36.374, 33.221]","['ASP', 'ASP', 'LYS', 'ASP', 'ASP', 'ASN']",['A'],[9625],7df2,6
7cv0,ZN,"[-27.304, -11.059, -7.897]","['GLU', 'GLU', 'HIS', 'HIS']",['A'],[9592],7cv0,4
6yge,CA,"[16.996, 98.612, 269.938]","['SER', 'ASP', 'GLU', 'GLU', 'GLU']",['B'],[9141],6yge,5
6yge,CA,"[-2.324, 75.185, 287.277]","['SER', 'ASP', 'GLU', 'GLU', 'GLU']",['A'],[9141],6yge,5
7b3c,ZN,"[98.732, 122.545, 85.174]","['HIS', 'CYS', 'CYS', 'CYS']",['A'],[11974],7b3c,4
7b3c,ZN,"[80.025, 117.269, 93.651]","['CYS', 'HIS', 'CYS', 'CYS']",['A'],[11974],7b3c,4
6m1w,ZN,"[24.226, 41.303, 14.686]","['ASP', 'ASP', 'HIS', 'HIS', 'GLU', 'ASP']",['A'],[12444],6m1w,6
6m1w,FE,"[-7.593, 29.467, -1.399]","['GLU', 'GLU', 'ASP', 'HIS']",['B'],[12444],6m1w,4
6m1w,FE,"[-6.836, 25.972, -1.091]","['ASP', 'HIS', 'HIS', 'GLU', 'ASP']",['B'],[12444],6m1w,5
6lnh,FE,"[18.601, 50.036, 15.947]","['HIS', 'ASP', 'ASP', 'HIS']",['A'],[8056],6lnh,4
6lnh,FE,"[11.782, 74.008, 21.924]","['HIS', 'ASP', 'HIS']",['B'],[8056],6lnh,3
6lnh,FE,"[52.968, 69.4, 42.964]","['HIS', 'ASP', 'ASP', 'HIS']",['D'],[8056],6lnh,4
6xux,CA,"[76.232, 30.117, -39.173]","['GLU', 'ASP', 'ASN', 'ASN', 'VAL', 'GLU']",['A'],[10427],6xux,6
6ty2,ZN,"[9.175, 6.076, 24.506]","['HIS', 'CYS', 'HIS', 'CYS']",['A'],[8751],6ty2,4
6ty2,ZN,"[17.295, 30.567, 38.756]","['HIS', 'CYS', 'HIS', 'CYS']",['B'],[8751],6ty2,4
7jrm,CA,"[23.253, 21.318, 4.993]","['SER', 'SER', 'VAL', 'ASP', 'GLY', 'ASP', 'ASP']",['A'],[9851],7jrm,7
7jnd,CA,"[4.241, 8.238, 45.622]","['LYS', 'ASP', 'ASN', 'THR', 'THR', 'ALA', 'GLU']",['A'],[9847],7jnd,7
7jnd,CA,"[10.467, 2.167, 0.008]","['LYS', 'ASP', 'ASP', 'THR', 'THR', 'ASN', 'GLU']",['A'],[9847],7jnd,7
6vox,CU,"[50.04, -44.282, -32.306]","['HIS', 'CYS', 'HIS']",['A'],[8915],6vox,3
7jnb,CA,"[27.993, -12.095, 97.569]","['LYS', 'ASP', 'ASP', 'THR', 'THR', 'ASN', 'GLU']",['A'],[9847],7jnb,7
7jnb,CA,"[62.04, 13.835, 99.437]","['LYS', 'ASP', 'ASN', 'THR', 'THR', 'ALA', 'GLU']",['A'],[9847],7jnb,7
7jnf,CA,"[61.626, 13.654, 100.718]","['LYS', 'ASP', 'ASN', 'THR', 'THR', 'ALA', 'GLU']",['A'],[9847],7jnf,7
7jnf,CA,"[27.28, -12.667, 98.26]","['LYS', 'ASP', 'ASP', 'THR', 'THR', 'ASN', 'GLU']",['A'],[9847],7jnf,7
6yq4,MG,"[-27.418, 3.581, -11.792]","['ASP', 'ASP', 'MET', 'GLY']",['A'],[9161],6yq4,4
6yq4,MG,"[-12.374, -33.297, -64.819]","['ASP', 'ASP', 'MET', 'GLY']",['B'],[9161],6yq4,4
6yq4,MG,"[23.577, -90.501, -32.881]","['ASP', 'ASP', 'MET', 'GLY']",['C'],[9161],6yq4,4
