pdb_id,chains,clusters,release_date
7c4b,['A'],[9541],20210407
7c45,['A'],[9541],20210407
7c43,['A'],[9541],20210407
7c47,['A'],[9541],20210407
6yf6,"['A', 'B']","[9140, 9140]",20210407
7c42,['A'],[9541],20210407
7c4c,['A'],[9541],20210407
7bvr,"['A', 'B', 'C', 'D', 'E', 'F', 'G', 'H']","[9523, 9523, 9523, 9523, 9788, 9788, 9788, 9788]",20210414
7kwd,"['A', 'B']","[9941, 9941]",20210414
7ask,['F'],[9440],20210414
6wi8,"['A', 'B']","[8987, 8987]",20210414
6yig,['A'],[9149],20210414
7bvs,"['A', 'B']","[9524, 9525]",20210414
6wi7,['A'],[8987],20210414
7ax4,"['A', 'B']","[9448, 9448]",20210414
6wfv,['A'],[8970],20210414
7d1b,['A'],[9599],20210414
6wb7,"['A', 'B', 'C', 'D']","[8965, 8965, 8965, 8965]",20210421
6whg,"['A', 'B', 'C', 'D']","[8980, 8980, 8980, 8980]",20210421
6l4n,"['A', 'B']","[9613, 9613]",20210421
7alp,['U'],[11364],20210421
6wb5,"['A', 'B']","[8965, 8965]",20210421
6yra,"['B', 'A', 'D', 'C']","[9162, 9162, 9163, 9163]",20210421
6wb4,"['A', 'B']","[8965, 8965]",20210421
7jve,"['A', 'B', 'C', 'D', 'E', 'F']","[9868, 9868, 9868, 9868, 9868, 9868]",20210421
7b7p,"['A', 'B']","[9464, 9464]",20210428
7c9k,"['A', 'B']","[9558, 9558]",20210428
7m7a,"['A', 'B', 'C', 'D']","[10011, 10011, 10011, 10011]",20210428
6zek,"['A', 'B', 'C', 'D']","[9234, 9234, 9234, 9234]",20210428
7dog,"['A', 'B']","[9651, 9651]",20210505
6wsh,"['A', 'B']","[9007, 9007]",20210505
6ygu,"['A', 'B', 'C', 'D']","[9142, 9142, 9143, 9143]",20210505
6ln0,['A'],[8053],20210505
6yfv,"['A', 'B', 'C', 'D']","[9142, 9142, 9143, 9143]",20210505
7ks4,['B'],[9932],20210505
7ns4,"['b', 'i']","[10110, 10111]",20210505
7d72,"['K', 'I', 'A', 'B', 'C', 'D', 'E', 'F', 'G', 'H', 'J', 'L']","[10984, 10984, 10984, 10984, 10984, 10984, 10984, 10984, 10984, 10984, 10984, 10984]",20210505
7mjr,['A'],[10037],20210505
7mhn,['A'],[10028],20210512
7mhl,['A'],[10026],20210512
7mho,['A'],[10029],20210512
7mhp,['A'],[10030],20210512
7c7u,"['A', 'B']","[9553, 9553]",20210512
7mhm,['A'],[10027],20210512
7mhq,['A'],[10031],20210512
7aup,['A'],[9446],20210519
7ndi,"['A', 'B', 'C', 'D']","[10085, 10085, 10085, 10085]",20210519
7dpd,"['A', 'B']","[9653, 9653]",20210519
7aun,['A'],[9446],20210519
7ndj,"['A', 'B']","[10085, 10085]",20210519
7kz4,"['A', 'B']","[9942, 9942]",20210519
7auu,['A'],[9446],20210519
7auj,['A'],[9446],20210519
7auq,['A'],[9446],20210519
7aus,['A'],[9446],20210519
7c53,"['A', 'B', 'C', 'D', 'E', 'F']","[9543, 9543, 9543, 9543, 9543, 9543]",20210519
7dp3,"['A', 'B']","[9652, 9652]",20210519
7aul,['A'],[9446],20210519
7jqq,"['A', 'B', 'C', 'D', 'E']","[9849, 9849, 9849, 9849, 9849]",20210519
7eeh,"['A', 'B', 'C', 'D']","[9707, 9707, 9707, 9707]",20210526
7jr8,"['A', 'B']","[9850, 9850]",20210526
7msx,['A'],[10057],20210526
7mi3,['A'],[10032],20210526
7die,"['A', 'B', 'C', 'D', 'E', 'F']","[9640, 9640, 9640, 9640, 9640, 9640]",20210526
7kmm,"['A', 'B']","[9926, 9926]",20210526
7l6g,"['A', 'B', 'C', 'D', 'E', 'F']","[9948, 9948, 9948, 9948, 9948, 9948]",20210526
7msw,['A'],[9807],20210526
7nsf,['A'],[10112],20210602
6v4v,['A'],[8845],20210602
7cma,"['A', 'C']","[9575, 9575]",20210602
7ljo,['A'],[9965],20210602
7nsd,['A'],[10112],20210602
6xjj,['A'],[9052],20210602
7nsa,['A'],[10112],20210602
7a1r,"['A', 'B']","[9323, 9323]",20210602
7ns9,['A'],[10112],20210602
7c9b,['A'],[9557],20210609
7cb4,"['B', 'A']","[12002, 12002]",20210609
7n1o,['A'],[11928],20210609
7cbr,"['A', 'B']","[12002, 12002]",20210609
7c8x,"['A', 'B']","[12002, 12002]",20210609
6z6z,['A'],[9213],20210609
7c8q,"['A', 'B']","[12002, 12002]",20210609
7cbw,"['A', 'B']","[12002, 12002]",20210609
7lre,"['A', 'B']","[9982, 9982]",20210609
7ml7,"['A', 'B']","[10044, 10045]",20210609
7c91,"['B', 'A']","[12002, 12002]",20210609
7cbu,"['A', 'B']","[12002, 12002]",20210609
7dd5,"['A', 'B']","[12473, 12473]",20210616
7exm,"['A', 'B', 'C', 'D']","[9787, 9787, 9787, 9787]",20210616
7dd7,"['A', 'B']","[12473, 12473]",20210616
7dd6,"['A', 'B']","[12473, 12473]",20210616
6zop,['A'],[9263],20210616
7cnp,"['A', 'B', 'C']","[9579, 9579, 9579]",20210616
7m1t,"['A', 'B']","[9994, 9994]",20210616
7cs0,"['A', 'B']","[9585, 9585]",20210623
7m3f,"['A', 'B']","[12473, 12473]",20210630
7op8,['A'],[10298],20210630
6xjo,"['A', 'B']","[9053, 9053]",20210630
7m3e,"['A', 'B']","[12473, 12473]",20210630
7o4f,"['A', 'B', 'D', 'G']","[10966, 10966, 10966, 10966]",20210630
7m3g,"['A', 'B', 'C', 'D']","[10001, 10001, 12473, 12473]",20210630
7o4e,"['A', 'B']","[10966, 10966]",20210630
7op1,['A'],[10298],20210630
7ob0,"['A', 'B', 'C', 'D']","[10178, 10178, 10178, 10178]",20210630
7og7,['A'],[10218],20210707
7ogp,"['A', 'B', 'C', 'D', 'E']","[10219, 10220, 10222, 10223, 10225]",20210707
7oc5,"['A', 'B']","[10201, 10201]",20210707
7oc6,['A'],[10201],20210707
7oc4,"['A', 'B']","[10201, 10201]",20210707
7kiq,"['A', 'B', 'C', 'D', 'E', 'F', 'G', 'H', 'I', 'J']","[9920, 9920, 9920, 9920, 9920, 9920, 9920, 9920, 9920, 9920]",20210707
7kil,"['A', 'B']","[9920, 9920]",20210707
7ds0,['A'],[9661],20210714
7dry,['A'],[9661],20210714
7lwa,['A'],[9987],20210714
7ds1,['A'],[9661],20210714
7de2,"['A', 'B']","[9760, 9760]",20210714
7drz,['A'],[9661],20210714
7emz,"['A', 'B']","[9760, 9760]",20210714
7enb,"['A', 'B']","[9760, 9760]",20210714
7odf,['A'],[10008],20210721
7lt2,['A'],[9983],20210721
7f09,"['A', 'B', 'C', 'D']","[9792, 9792, 9792, 9792]",20210721
7dta,['A'],[9663],20210721
7lvs,"['B', 'F']","[10477, 10478]",20210728
7rj1,"['A', 'B', 'C', 'D']","[10606, 10606, 10606, 10606]",20210728
7eev,"['A', 'B']","[9736, 9736]",20210728
6zuq,['A'],[9277],20210804
7lyt,['A'],[10008],20210804
7m5o,['A'],[10008],20210804
7l4i,"['A', 'B']","[9931, 9931]",20210804
7n0z,"['A', 'B']","[9931, 9931]",20210804
7l4j,"['A', 'B']","[9931, 9931]",20210804
7esk,['A'],[12091],20210804
6zus,['A'],[9277],20210804
7kpr,"['A', 'B']","[9931, 9931]",20210804
7ksf,['A'],[9933],20210811
6z5y,"['A', 'B']","[9208, 9208]",20210811
6xqi,"['A', 'B', 'C', 'D', 'F', 'G', 'H', 'I']","[9072, 9072, 9072, 9072, 9073, 9073, 9074, 9074]",20210811
7lg5,"['A', 'B', 'C', 'D']","[9958, 9958, 9958, 9958]",20210818
7d88,['A'],[9619],20210818
7mek,"['A', 'B']","[12533, 12533]",20210818
7rsf,"['A', 'B']","[10615, 10615]",20210818
7atp,['A'],[9443],20210818
7d89,['A'],[9619],20210818
7lar,"['A', 'B', 'C', 'D', 'E', 'F']","[9953, 9953, 9953, 9953, 9953, 9953]",20210825
7d7e,"['B', 'C', 'D', 'A']","[9617, 9617, 9617, 9618]",20210825
7eis,['A'],[9735],20210825
7duf,"['A', 'B']","[9667, 9667]",20210825
7eiq,['A'],[9735],20210825
7eip,['A'],[9735],20210825
7las,"['A', 'B', 'C', 'D', 'E', 'F']","[9953, 9953, 9953, 9953, 9953, 9953]",20210825
7eir,['A'],[9735],20210825
7lcc,['A'],[9956],20210825
7ody,"['A', 'B', 'C', 'D']","[10205, 10205, 10205, 10205]",20210901
7ni6,"['A', 'B']","[10095, 10095]",20210901
7kld,"['A', 'B', 'C', 'D', 'E', 'Q']","[9870, 9870, 9870, 9924, 9925, 9925]",20210901
7ni4,"['A', 'B']","[10095, 10095]",20210901
7cwz,"['A', 'B', 'C']","[9594, 9594, 9594]",20210901
7fe0,"['A', 'B', 'C']","[9816, 9816, 9816]",20210901
7abw,"['A', 'B']","[9347, 9347]",20210901
7d7f,"['B', 'C', 'D', 'A']","[9617, 9617, 9617, 9618]",20210901
7ni5,"['A', 'B']","[12286, 12286]",20210901
7jvs,"['B', 'C', 'D']","[9870, 9870, 9871]",20210901
7drm,"['A', 'B', 'C', 'D', 'E', 'F']","[9656, 9656, 9656, 9656, 9657, 9658]",20210908
7ffp,['A'],[9557],20210908
7jvi,"['A', 'B']","[9869, 9869]",20210908
7drp,"['A', 'B', 'C', 'D', 'F', 'E']","[9656, 9656, 9656, 9656, 9657, 9659]",20210908
7mjw,"['A', 'B']","[10038, 10038]",20210915
7mjv,['A'],[10038],20210915
7d11,['A'],[9597],20210915
7e6t,"['B', 'A']","[12473, 12473]",20210922
7e6g,"['A', 'B', 'C', 'D', 'E', 'F']","[9696, 9696, 9697, 9697, 9697, 9697]",20210922
7mj1,"['A', 'C', 'D', 'E', 'F', 'B']","[12466, 12466, 12466, 12466, 12466, 12466]",20210929
7dc9,"['A', 'D']","[9626, 9626]",20210929
7dg7,['A'],[9634],20210929
7dca,"['A', 'D']","[9626, 9626]",20210929
7k44,['A'],[9884],20210929
7dbf,"['A', 'D']","[9626, 9626]",20210929
6za2,"['A', 'B']","[9222, 9222]",20210929
7mj0,"['A', 'B', 'C', 'D', 'E', 'F']","[12466, 12466, 12466, 12466, 12466, 12466]",20210929
7dl7,"['A', 'B', 'C', 'D', 'E', 'F', 'G', 'H']","[9642, 9642, 9642, 9642, 9642, 9642, 9642, 9642]",20210929
7mj2,"['A', 'B', 'C', 'D', 'E', 'F']","[12466, 12466, 12466, 12466, 12466, 12466]",20210929
7nte,"['A', 'B']","[10114, 10114]",20211006
7e4n,['A'],[9693],20211006
7ads,['A'],[9349],20211006
7s14,"['A', 'B', 'C', 'D']","[10627, 10627, 10627, 10627]",20211006
7a73,['A'],[9346],20211006
7adt,"['A', 'U', 'B', 'C']","[9349, 9349, 9350, 9350]",20211006
7npf,"['A', 'B', 'C', 'D', 'E', 'F', 'G', 'H']","[10107, 10107, 10107, 10107, 10107, 10107, 10107, 10107]",20211006
7d75,"['A', 'B', 'C', 'D']","[9613, 9613, 9613, 9613]",20211006
7s6e,"['A', 'B']","[10635, 10635]",20211013
7roy,"['A', 'B', 'C', 'D', 'G', 'H']","[10609, 10609, 10609, 10609, 10610, 12197]",20211013
7mxb,"['A', 'B']","[10059, 10059]",20211013
7pvc,['A'],[10417],20211013
7v6d,"['A', 'B']","[10861, 10861]",20211013
7s6f,['A'],[10635],20211020
7dnm,"['A', 'B', 'P', 'Q']","[9647, 9647, 9648, 9648]",20211020
7ffn,"['K', 'L', 'M', 'N', 'O']","[9817, 9818, 9819, 9820, 9821]",20211020
7dnn,"['A', 'B', 'P', 'Q']","[9647, 9647, 9648, 9648]",20211020
7p1e,['A'],[10347],20211020
7p1d,['A'],[10347],20211020
7p1v,"['A', 'B', 'C', 'D']","[10347, 10347, 10347, 10347]",20211020
7p1f,"['B', 'A']","[10347, 10347]",20211020
7nx4,['A'],[10142],20211027
7d9l,['A'],[9623],20211027
7og0,"['A', 'B']","[10217, 10217]",20211027
7dcw,"['A', 'D']","[9626, 9626]",20211027
7dcb,"['A', 'D']","[9626, 9626]",20211027
7vg3,['A'],[10894],20211027
7vg2,['A'],[10894],20211027
7f1n,"['A', 'B']","[9794, 9794]",20211103
7ef6,['A'],[9714],20211103
7sf2,"['A', 'B', 'C', 'D', 'E', 'F']","[11071, 11071, 11071, 11071, 11071, 11071]",20211103
7dcn,['A'],[9627],20211103
7exb,"['A', 'B']","[9524, 9525]",20211103
7v1v,"['A', 'B', 'C', 'D', 'E', 'F']","[11342, 11342, 11342, 11342, 11342, 11342]",20211103
7lc5,['A'],[9955],20211103
7ddb,"['A', 'B']","[9628, 9628]",20211103
7dcm,['A'],[9627],20211103
7exz,"['A', 'B', 'C', 'D', 'E', 'F', 'G', 'H']","[9523, 9523, 9523, 9523, 9788, 9788, 9788, 9788]",20211103
7v1x,"['A', 'B', 'C', 'D', 'E', 'F']","[11342, 11342, 11342, 11342, 11342, 11342]",20211103
7ef7,['A'],[9714],20211103
7v1w,"['A', 'B', 'C', 'D', 'E', 'F']","[11342, 11342, 11342, 11342, 11342, 11342]",20211103
7rwm,"['A', 'B', 'C', 'D']","[10622, 10622, 10622, 10622]",20211110
7p06,['A'],[10342],20211110
7n78,['A'],[10298],20211110
7n77,['A'],[10298],20211110
7n70,['A'],[10298],20211110
7rwk,"['A', 'B']","[10621, 10621]",20211110
7cle,['A'],[9803],20211110
7esz,"['A', 'B', 'C', 'D']","[9778, 9778, 9779, 9779]",20211110
7esy,"['A', 'B']","[9777, 9779]",20211110
7n73,['A'],[10298],20211110
7bcz,"['A', 'B', 'C', 'D']","[9471, 9471, 9471, 9471]",20211110
7n72,['A'],[10298],20211110
7mid,"['A', 'B', 'C', 'D']","[10033, 10034, 10035, 10035]",20211117
7pgt,"['N', 'F']","[10390, 10390]",20211117
7mi5,"['A', 'B', 'C', 'D', 'E', 'F']","[10033, 10034, 10034, 10034, 10035, 10035]",20211117
7pgs,"['N', 'F']","[10389, 10390]",20211117
7sr2,"['A', 'B']","[10676, 10676]",20211117
7mi4,"['A', 'B', 'C', 'D', 'E', 'F']","[10033, 10033, 10034, 10034, 10035, 10035]",20211117
7reo,['A'],[10598],20211117
7pgu,"['F', 'N']","[10390, 10390]",20211117
7kik,['A'],[9918],20211117
7rep,['A'],[10598],20211117
6xqj,['A'],[9075],20211117
7pgr,"['N', 'F']","[10390, 10390]",20211117
7dio,['A'],[9641],20211124
7diq,['A'],[9641],20211124
7din,['A'],[9641],20211124
7dip,['A'],[9641],20211124
7vlm,['A'],[10901],20211201
7oxd,['A'],[11743],20211201
7rqs,['A'],[9782],20211208
7ljh,"['A', 'B']","[9963, 9963]",20211208
7po9,"['A', 'B']","[10397, 10397]",20211208
7b1l,"['A', 'B']","[10400, 10400]",20211208
7pok,"['A', 'B', 'C', 'D']","[10399, 10399, 10399, 10399]",20211208
7roz,['A'],[9782],20211208
7cz2,['A'],[9595],20211208
7b1n,"['A', 'B']","[10400, 10400]",20211208
7ppp,"['A', 'B']","[10403, 10403]",20211208
7drj,"['A', 'B']","[9655, 9655]",20211208
7pow,"['A', 'B']","[10400, 10400]",20211208
7poh,"['A', 'B']","[10398, 10398]",20211208
7b1k,"['A', 'B']","[10400, 10400]",20211208
7drk,"['A', 'B']","[9655, 9655]",20211208
7ptr,"['A', 'B', 'C', 'D', 'E', 'F']","[10413, 10413, 10413, 10413, 10413, 10413]",20211215
7kzh,['A'],[10727],20211215
7dnr,"['A', 'B']","[9649, 9649]",20211215
7sf6,['A'],[10652],20211215
7e37,"['A', 'B']","[9691, 9691]",20211215
7dm0,"['A', 'B']","[9643, 9643]",20211215
7esr,['A'],[9776],20211215
7e38,"['A', 'B']","[9691, 9691]",20211215
7f36,"['A', 'B', 'D', 'C']","[9795, 9795, 9795, 9795]",20211222
7rg7,['A'],[10601],20211222
7en1,"['A', 'B']","[9761, 9761]",20211222
7e9y,['A'],[9702],20211222
7nit,"['A', 'B', 'C', 'D', 'E', 'F']","[10096, 10096, 10096, 10096, 10096, 10096]",20211222
7emy,"['A', 'B']","[9761, 9761]",20211222
7vpi,['A'],[10298],20211229
7t85,['A'],[10705],20211229
7v6p,['A'],[10862],20211229
7nf9,['A'],[10089],20211229
7vpl,['A'],[10298],20211229
7vpk,['A'],[10298],20211229
7tav,"['A', 'B', 'C', 'D', 'E', 'F']","[10713, 10713, 10713, 10713, 10713, 10713]",20211229
7lc7,['A'],[9955],20220112
7sud,"['A', 'C']","[10683, 10684]",20220112
7otp,['A'],[10683],20220112
7pxq,['A'],[10423],20220119
7pug,['A'],[10423],20220119
7ofq,"['A', 'B', 'C', 'D', 'E', 'F', 'G', 'H', 'I', 'J', 'K', 'L', 'M', 'N', 'O', 'P', 'Q', 'R', 'S', 'T', 'U', 'V', 'W', 'X', 'Y', 'Z', 'a', 'b', 'c', 'd', 'e', 'f', 'g', 'h', 'i', 'j', 'k', 'l', 'm', 'n', 'o', 'p', 'q', 'r', 's']","[10216, 10216, 10216, 10216, 10216, 10216, 10216, 10216, 10216, 10216, 10216, 10216, 10216, 10216, 10216, 10216, 10216, 10216, 10216, 10216, 10216, 10216, 10216, 10216, 10216, 10216, 10216, 10216, 10216, 10216, 10216, 10216, 10216, 10216, 10216, 10216, 10216, 10216, 10216, 10216, 10216, 10216, 10216, 10216, 10216]",20220119
7pab,"['A', 'C']","[10371, 10371]",20220119
7sim,"['A', 'B']","[12473, 12473]",20220119
7f8l,"['A', 'B']","[9805, 9805]",20220119
7sil,"['A', 'B']","[12473, 12473]",20220119
7thw,"['A', 'B', 'C', 'D']","[10734, 10734, 10734, 10734]",20220126
7eby,"['A', 'B', 'C', 'D', 'E', 'F']","[9703, 9703, 9703, 9703, 9703, 9703]",20220126
7ea4,"['A', 'B']","[9703, 9703]",20220126
7ppj,['A'],[10402],20220126
7vw2,"['A', 'B']","[10912, 10912]",20220126
7tgq,['A'],[10727],20220202
7qbs,"['A', 'B']","[10455, 10456]",20220202
7dpk,"['A', 'D']","[9626, 9626]",20220202
7qbu,"['A', 'B']","[10456, 10456]",20220202
7sid,"['A', 'B', 'C', 'D']","[10663, 10663, 12286, 12286]",20220202
7vjv,['A'],[10899],20220202
7wh1,['A'],[10983],20220202
7s8t,"['A', 'B', 'C', 'D', 'E', 'F', 'G', 'H', 'I', 'J']","[10633, 10633, 10633, 10633, 10633, 10633, 10633, 10633, 10633, 10633]",20220202
7e0l,"['A', 'B', 'K', 'M']","[9681, 9681, 9681, 9681]",20220202
7plp,"['A', 'B']","[10393, 10393]",20220202
7s5c,"['A', 'B', 'E', 'F', 'G', 'H', 'I', 'J', 'C', 'D']","[10633, 10633, 10633, 10633, 10633, 10633, 10633, 10633, 10633, 10633]",20220202
7dlc,"['A', 'D']","[9626, 9626]",20220202
7qbv,"['A', 'B', 'C', 'D']","[10456, 10456, 10456, 10456]",20220202
7wh0,"['A', 'B']","[10983, 10983]",20220202
7dqn,"['A', 'D']","[9626, 9626]",20220202
7dow,"['A', 'D']","[9626, 9626]",20220202
7dm6,"['A', 'D']","[9626, 9626]",20220202
7dm5,"['A', 'D']","[9626, 9626]",20220202
7dgc,"['A', 'D']","[9626, 9626]",20220202
7s5k,"['A', 'B', 'E', 'F', 'G', 'H', 'I', 'J', 'C', 'D']","[10633, 10633, 10633, 10633, 10633, 10633, 10633, 10633, 10633, 10633]",20220202
7dxi,"['A', 'B']","[10638, 10638]",20220202
7qbt,"['A', 'B', 'C', 'D']","[10456, 10456, 10456, 10456]",20220202
7dox,"['A', 'D']","[9626, 9626]",20220202
7doy,"['A', 'D']","[9626, 9626]",20220202
7dh1,"['A', 'D']","[9626, 9626]",20220202
7ljj,['A'],[9979],20220209
7lk7,['A'],[9979],20220209
7esi,"['A', 'B', 'C']","[9773, 9774, 9775]",20220209
7lnp,"['A', 'C', 'D', 'E']","[9979, 9979, 9979, 9979]",20220209
7fh7,['A'],[10608],20220216
7e1c,['A'],[9684],20220216
7e4u,"['A', 'B', 'C', 'D', 'E', 'F', 'G', 'H', 'I', 'J']","[9694, 9694, 9694, 9694, 9694, 9694, 9694, 9694, 9694, 9694]",20220216
7e4j,"['A', 'B', 'C', 'D']","[9692, 9692, 9692, 9692]",20220216
7fh8,['A'],[10608],20220216
7mqq,['A'],[10053],20220216
7w72,"['U', 'S', 'T', 'K', 'A']","[10957, 10958, 10989, 10990, 12125]",20220216
7orn,['A'],[10321],20220216
7fh6,['A'],[10608],20220216
7t02,['A'],[10589],20220223
7v4p,"['A', 'B']","[10857, 10857]",20220223
7v4m,['B'],[10857],20220223
7mbw,"['A', 'B', 'C', 'D']","[10013, 10013, 10013, 10013]",20220223
7v4n,"['A', 'B']","[10857, 10857]",20220223
7r78,['A'],[10589],20220223
7r76,['A'],[10589],20220223
7v4f,"['B', 'A']","[10857, 10857]",20220223
7r77,['A'],[10589],20220223
7blg,['A'],[9497],20220302
7biz,"['A', 'B']","[9486, 9486]",20220302
7vsp,"['A', 'B', 'C']","[10995, 10995, 10995]",20220302
7rm7,['A'],[10672],20220302
7wsj,"['A', 'B', 'C']","[10995, 10995, 10995]",20220302
7rzk,['A'],[10672],20220302
7shg,"['A', 'B']","[10659, 10659]",20220302
7blk,['A'],[9497],20220302
7phi,"['A', 'C', 'B', 'D']","[10679, 10679, 10679, 10679]",20220302
7snb,['A'],[10672],20220302
7e8o,"['A', 'B', 'C', 'D']","[9699, 9699, 9699, 9699]",20220302
7aov,"['A', 'B']","[9375, 9375]",20220302
7vsq,"['A', 'B', 'C']","[10995, 10995, 10995]",20220302
7blj,['A'],[9497],20220302
7vl5,"['A', 'B']","[10900, 10900]",20220309
7vl6,"['A', 'B']","[10900, 10900]",20220309
7vky,"['A', 'B']","[10900, 10900]",20220309
7vl2,"['A', 'B']","[10900, 10900]",20220309
7wwo,"['A', 'B']","[11984, 11984]",20220309
7vl1,"['A', 'B']","[10900, 10900]",20220309
7vkx,"['A', 'B']","[10900, 10900]",20220309
7wrk,['A'],[11984],20220309
7vl4,"['A', 'B']","[10900, 10900]",20220309
7vl0,"['A', 'B']","[10900, 10900]",20220309
7vl3,"['A', 'B']","[10900, 10900]",20220309
7vkz,"['A', 'B']","[10900, 10900]",20220309
7vl7,"['A', 'B']","[10900, 10900]",20220309
7u4h,"['A', 'B']","[10761, 10761]",20220309
7pu5,"['A', 'B', 'C', 'D', 'E', 'F', 'G', 'H', 'I', 'J', 'K', 'L']","[10673, 10673, 10673, 10673, 10673, 10673, 10673, 10673, 10673, 10673, 10673, 10673]",20220316
7edb,"['A', 'B']","[9706, 9706]",20220316
7mk3,"['A', 'B']","[10039, 10039]",20220316
7si3,['A'],[10662],20220316
7mk2,"['A', 'B']","[10039, 10039]",20220316
7tad,"['A', 'B', 'C', 'D']","[10039, 10039, 10712, 10712]",20220316
7fc0,"['A', 'E', 'B', 'F', 'C', 'D']","[9678, 9678, 9812, 9812, 9813, 9813]",20220316
7si7,['A'],[10662],20220316
7tbv,"['A', 'B', 'C', 'D']","[10716, 10716, 10716, 10716]",20220316
7ed9,"['A', 'B']","[9705, 9705]",20220316
7tac,"['A', 'B', 'C', 'D', 'E', 'F']","[10039, 10039, 10712, 10712, 10712, 10712]",20220316
7puj,['A'],[10414],20220316
7dz9,"['A', 'B', 'D', 'E', 'F', 'C']","[9678, 9678, 9679, 9679, 9680, 9680]",20220316
7ofl,"['A', 'B']","[12009, 12009]",20220316
7si6,['A'],[10662],20220316
7ed6,"['A', 'B']","[9705, 9705]",20220316
7rcy,['A'],[10595],20220323
7z67,['A'],[11163],20220323
7ron,['A'],[10608],20220323
7sh2,"['A', 'B', 'C', 'D', 'E', 'F', 'G', 'H']","[10680, 10725, 10725, 10725, 11701, 11702, 11908, 11909]",20220323
7vws,"['A', 'B']","[10913, 10913]",20220323
7rcw,['A'],[10595],20220323
7stb,"['A', 'B', 'C', 'D', 'E', 'F', 'G', 'H']","[10680, 10725, 10725, 10725, 11701, 11702, 11908, 11909]",20220323
7tcw,"['A', 'B', 'C', 'D']","[9678, 9678, 9812, 9812]",20220323
7tcr,"['A', 'B', 'C', 'D']","[9678, 9678, 9812, 9812]",20220323
7sgz,"['A', 'B', 'C', 'D', 'E', 'F', 'G', 'H']","[10680, 10725, 10725, 10725, 11701, 11702, 11908, 11909]",20220323
7tcx,"['A', 'B', 'C', 'D']","[9678, 9678, 9812, 9812]",20220323
7tcu,"['A', 'B', 'C', 'D']","[9678, 9678, 9812, 9812]",20220323
7rcx,['A'],[10595],20220323
7np8,"['A', 'B', 'C', 'D']","[10105, 10105, 10105, 10105]",20220323
7roo,['A'],[10608],20220323
7rd0,['A'],[10596],20220323
7w5p,"['A', 'D', 'G', 'H']","[12204, 12204, 12204, 12204]",20220330
7sf0,['A'],[10651],20220330
7vpn,"['A', 'B', 'C', 'D']","[12204, 12204, 12204, 12204]",20220330
7m5y,['A'],[10298],20220330
7m5v,['A'],[10298],20220330
7v8g,"['A', 'B', 'D', 'C']","[10863, 10863, 10864, 10864]",20220330
7s05,"['B', 'A']","[10638, 10638]",20220330
7m5x,['A'],[10298],20220330
7ehg,"['A', 'B', 'C', 'D', 'E', 'F', 'G', 'H']","[9734, 9734, 9734, 9734, 9734, 9734, 9734, 9734]",20220330
7p0h,"['A', 'B', 'C', 'D']","[10343, 10343, 10343, 10343]",20220406
7wwn,['A'],[11984],20220406
7o0y,"['A', 'B', 'C', 'D', 'E']","[10154, 10322, 10322, 10454, 10454]",20220413
7o14,"['B', 'C', 'D', 'E', 'A']","[10154, 10322, 10322, 10454, 10454]",20220413
7o17,"['A', 'B', 'C', 'D', 'E']","[10154, 10322, 10322, 10454, 10454]",20220413
7o16,"['A', 'B', 'C', 'D', 'E']","[10154, 10322, 10322, 10454, 10454]",20220413
7rft,"['A', 'B']","[10600, 10600]",20220413
7q4i,"['A', 'B', 'G', 'F']","[10441, 10441, 10442, 10442]",20220413
7o15,"['A', 'B', 'C', 'D', 'E']","[10154, 10322, 10322, 10454, 10454]",20220413
7o11,"['A', 'B', 'C', 'D', 'E']","[10154, 10322, 10322, 10454, 10454]",20220413
7o10,"['A', 'B', 'C', 'D', 'E']","[10154, 10322, 10322, 10454, 10454]",20220413
7mcj,"['A', 'B']","[10016, 10016]",20220413
7msk,"['A', 'B']","[10055, 10055]",20220413
7twa,"['A', 'B', 'C', 'D']","[10757, 10757, 10757, 10757]",20220413
7msp,"['A', 'B']","[10056, 10056]",20220413
7o12,"['B', 'C', 'A', 'E', 'D']","[10154, 10322, 10322, 10454, 10454]",20220413
7w5v,['A'],[10860],20220413
7ocr,"['A', 'B']","[10202, 10202]",20220420
7oct,"['A', 'B']","[10202, 10202]",20220420
7ri3,"['A', 'B', 'C', 'D']","[10604, 10604, 10604, 10604]",20220420
7ocq,"['A', 'B']","[10202, 10202]",20220420
7x87,"['A', 'B']","[10900, 10900]",20220420
7elv,['E'],[9739],20220420
7ocn,"['A', 'B']","[10202, 10202]",20220420
7t28,['A'],[10691],20220420
7ocp,"['A', 'B']","[10202, 10202]",20220420
7u2r,['A'],[10691],20220420
7u2s,"['A', 'B']","[10691, 10691]",20220420
7tja,"['A', 'B', 'C', 'D', 'E', 'G', 'F', 'H', 'I', 'K', 'J', 'L', 'M', 'O', 'N', 'P']","[10738, 10738, 10738, 10738, 10738, 10738, 10738, 10738, 10739, 10739, 10739, 10739, 10739, 10739, 10739, 10739]",20220420
7w02,['A'],[10926],20220420
7ocs,"['A', 'B', 'C', 'D']","[10202, 10202, 10202, 10202]",20220427
7sci,['A'],[11136],20220427
7w0e,"['A', 'B']","[10927, 10930]",20220427
7ob6,"['A', 'B']","[10180, 10180]",20220427
7vgm,['A'],[10897],20220427
7w0d,"['B', 'G', 'A', 'F']","[10927, 10928, 10929, 10930]",20220427
7wld,"['G', 'K', 'S', 'T', 'U']","[10957, 10958, 10989, 10990, 12125]",20220427
7ocu,"['A', 'B']","[10202, 10202]",20220427
7oa7,['A'],[10177],20220504
7nqe,['A'],[10452],20220504
7p9j,"['A', 'B', 'C']","[10452, 10452, 10452]",20220504
7nqf,"['A', 'B']","[10452, 10452]",20220504
7qaz,"['A', 'B', 'C']","[10452, 10452, 10452]",20220504
7epq,"['A', 'B']","[9769, 9769]",20220511
7mqu,['A'],[10054],20220511
7v9o,['A'],[12483],20220511
7p3f,"['A', 'C', 'B', 'D']","[10354, 10354, 10354, 10354]",20220511
7uq1,['A'],[10672],20220511
7p37,"['A', 'E', 'I', 'C', 'G', 'K', 'B', 'F', 'J', 'D', 'H', 'L']","[10354, 10354, 10354, 10354, 10354, 10354, 10354, 10354, 10354, 10354, 10354, 10354]",20220511
7prr,"['A', 'B']","[10408, 10408]",20220511
7v9p,"['A', 'B']","[12483, 12483]",20220511
7wb2,"['A', 'B', 'C', 'D']","[10949, 10949, 10949, 10949]",20220511
7p3q,"['A', 'C', 'E', 'G', 'B', 'D', 'F', 'H']","[10354, 10354, 10354, 10354, 10354, 10354, 10354, 10354]",20220511
7v9n,['A'],[12483],20220511
7qgs,"['B', 'A']","[10477, 10478]",20220511
7z5h,"['A', 'B', 'C', 'D']","[11167, 11167, 11167, 11167]",20220511
7v9q,['A'],[12483],20220511
7w7g,"['A', 'B', 'C', 'D']","[10961, 10962, 10963, 10964]",20220518
7vx8,"['B', 'A']","[11016, 11016]",20220518
7v09,"['A', 'B']","[10853, 10853]",20220518
7eut,"['A', 'B']","[9760, 9760]",20220525
7sj2,"['A', 'B']","[10638, 10638]",20220525
7s6n,"['A', 'B']","[10638, 10638]",20220525
7eus,"['A', 'B']","[9760, 9760]",20220525
7euu,"['A', 'B']","[9760, 9760]",20220525
7x8e,"['A', 'B', 'C', 'D', 'E', 'F', 'G', 'H']","[11059, 11059, 11059, 11059, 11059, 11059, 11059, 11059]",20220601
7w5i,"['A', 'B']","[10950, 10950]",20220601
7exo,['A'],[9739],20220601
7sek,['A'],[10650],20220601
7w6b,['A'],[10955],20220601
7w5j,"['A', 'B']","[10950, 10950]",20220601
7w5f,"['A', 'B']","[10950, 10950]",20220601
7spd,"['A', 'B', 'C', 'D', 'E']","[10981, 10981, 10981, 10981, 10981]",20220608
7re5,"['A', 'B', 'C', 'D', 'E']","[10981, 10981, 10981, 10981, 10981]",20220608
7pgi,"['A', 'B', 'C', 'D', 'E', 'F', 'G', 'H']","[10386, 10386, 10386, 10386, 10386, 10386, 10386, 10386]",20220608
7wah,['A'],[11092],20220615
8csz,['D'],[11614],20220615
7osj,"['A', 'B', 'C', 'D', 'E', 'H']","[10154, 10218, 10322, 10322, 10454, 10454]",20220622
7osf,"['A', 'B', 'C', 'D', 'E', 'H']","[10154, 10218, 10322, 10322, 10454, 10454]",20220622
7osi,"['A', 'B', 'C', 'D', 'E', 'H']","[10154, 10218, 10322, 10322, 10454, 10454]",20220622
7osh,"['A', 'B', 'C', 'D', 'E', 'H']","[10154, 10218, 10322, 10322, 10454, 10454]",20220622
7osg,"['A', 'B', 'C', 'D', 'E', 'H']","[10154, 10218, 10322, 10322, 10454, 10454]",20220622
7v4y,"['B', 'A']","[10858, 10858]",20220629
7ssy,"['A', 'B', 'C', 'D']","[10679, 10679, 10679, 10679]",20220629
7t9x,"['A', 'B']","[10711, 10711]",20220629
7z9f,"['X', 'A', 'Y', 'B']","[11178, 11178, 11179, 11179]",20220629
7wss,"['A', 'B']","[9773, 9773]",20220629
7tea,"['B', 'E', 'A', 'C']","[10723, 10723, 10723, 10723]",20220629
7yzn,['A'],[11141],20220629
7xeb,"['A', 'B', 'C', 'D', 'E', 'F', 'G', 'H', 'I', 'J']","[9773, 9773, 12216, 12216, 12216, 12216, 12217, 12217, 12217, 12217]",20220629
7wcf,['A'],[10976],20220629
7f9g,"['A', 'B']","[9811, 9811]",20220706
7f7c,['A'],[9803],20220706
7f9j,"['A', 'B']","[9811, 9811]",20220706
7t7i,"['A', 'B', 'C', 'D', 'E', 'F', 'G', 'H', 'I', 'J']","[10702, 10702, 10702, 10702, 10703, 10704, 10704, 10704, 10704, 10704]",20220706
7um1,"['A', 'd', 'c', 'D', 'C']","[10802, 10803, 10804, 10805, 10806]",20220706
7s00,"['c', 'C', 'D', 'd', 'e', 'E', 'F', 'f']","[10803, 10803, 10804, 10804, 10805, 10805, 10806, 10806]",20220706
7w2i,"['A', 'B', 'C', 'D']","[10938, 10938, 10938, 10938]",20220706
7s01,"['A', 'd', 'c', 'D', 'C']","[10625, 10803, 10804, 10805, 10806]",20220706
7f7a,['A'],[9803],20220706
7pvm,['A'],[10418],20220706
7f7b,['A'],[9803],20220706
7f7d,['A'],[9803],20220706
7r6b,"['A', 'B']","[10575, 10575]",20220706
7r4j,['A'],[10572],20220706
7bb8,"['A', 'B']","[9469, 9469]",20220713
7p4l,"['A', 'B', 'C']","[10359, 10359, 10359]",20220713
7qoc,"['A', 'B']","[10498, 10498]",20220713
7qod,"['A', 'B']","[10498, 10498]",20220713
7z8n,"['A', 'B', 'C', 'D']","[11176, 11176, 11176, 11176]",20220713
7fav,['A'],[9808],20220713
7uy7,"['A', 'B', 'C', 'D', 'E']","[10843, 10845, 10847, 10848, 10849]",20220713
7bb9,['A'],[9469],20220713
7fbl,"['A', 'B']","[9811, 9811]",20220713
7qoe,['A'],[10498],20220713
7yx8,"['A', 'B', 'F', 'H']","[11136, 11136, 11137, 11138]",20220720
7xk4,"['A', 'B', 'C', 'D', 'E', 'F']","[11049, 11050, 11051, 11052, 11188, 11188]",20220720
7sr6,"['A', 'B', 'F', 'G']","[10677, 10677, 10678, 10678]",20220720
6zsv,"['A', 'B']","[9275, 9275]",20220720
7q3y,['A'],[10440],20220720
7rdn,['A'],[10597],20220727
7z8h,['A'],[11170],20220727
7rj9,"['A', 'B']","[10759, 10759]",20220727
7vcm,"['A', 'B']","[10883, 10883]",20220727
7p56,"['A', 'B']","[10360, 10360]",20220727
7znq,"['f', 'F', 'Y', 'y', 'D', 'L']","[10154, 10218, 10322, 10322, 10454, 10454]",20220803
7fh5,['A'],[10860],20220803
7fa1,['A'],[9787],20220810
7wrg,"['A', 'B']","[10993, 10993]",20220810
8dt6,"['A', 'B', 'C', 'D']","[11704, 11704, 11704, 11704]",20220810
6st5,['A'],[8631],20220810
7eqm,"['A', 'B', 'C']","[9771, 9771, 9771]",20220810
7svw,"['A', 'B', 'C', 'D']","[11744, 11744, 11745, 11745]",20220810
8dte,['A'],[11705],20220810
7fac,['A'],[9807],20220810
7vev,['A'],[10888],20220817
7v55,['A'],[10859],20220817
7pcv,"['A', 'B']","[10380, 10380]",20220817
7quy,"['A', 'B', 'C']","[10554, 10554, 10554]",20220817
7qul,['A'],[10554],20220817
8dqw,"['B', 'C', 'D', 'E', 'F', 'G', 'H', 'A']","[10680, 10725, 10725, 10725, 11701, 11702, 11908, 11909]",20220817
7v54,['A'],[10860],20220824
7lv3,"['A', 'B']","[9985, 9985]",20220824
7zvm,['A'],[11268],20220824
7zvy,"['A', 'B', 'C', 'D', 'E', 'F', 'G', 'H']","[11268, 11268, 11268, 11268, 11268, 11268, 11268, 11268]",20220824
7v57,['A'],[10860],20220824
7vp8,['A'],[10904],20220824
7pdv,"['A', 'C', 'E', 'G']","[10380, 10380, 10380, 10380]",20220824
7v52,['A'],[10860],20220824
7v56,['A'],[10860],20220824
7ymo,['A'],[11118],20220831
8dek,"['B', 'A']","[11676, 11676]",20220831
7tcl,['X'],[10717],20220831
7ug9,['A'],[10780],20220831
7w5h,"['A', 'B']","[10950, 10950]",20220831
8d8n,['B'],[11092],20220831
8df9,"['A', 'B']","[11678, 11678]",20220831
8df2,"['A', 'B', 'C', 'D']","[11676, 11676, 11676, 11676]",20220831
7tol,['A'],[10747],20220831
7tom,['A'],[10747],20220831
7vbo,['A'],[10865],20220907
7vi8,"['A', 'B']","[10898, 10898]",20220907
7w6x,['A'],[10956],20220907
7r07,"['A', 'B', 'C', 'D', 'E', 'F']","[10562, 10562, 10562, 10562, 10562, 10562]",20220907
7tw8,['A'],[10756],20220907
8db6,"['B', 'A', 'C', 'D']","[11672, 11672, 11672, 11672]",20220907
7w6z,['A'],[10956],20220907
8db9,"['A', 'B', 'C', 'D']","[11672, 11672, 11672, 11672]",20220907
8db7,"['B', 'A', 'C', 'D']","[11672, 11672, 11672, 11672]",20220907
8db8,"['B', 'A', 'C', 'D']","[11672, 11672, 11672, 11672]",20220907
7tw7,['A'],[10756],20220907
7wae,"['A', 'B', 'C', 'D', 'J', 'K', 'L', 'M']","[9958, 9958, 9958, 9958, 10972, 10972, 10972, 10972]",20220907
7w6y,['A'],[10956],20220907
7tw9,['A'],[10756],20220907
7pl3,['A'],[10392],20220907
7wad,"['A', 'B', 'C', 'D']","[9958, 9958, 9958, 9958]",20220907
7waf,"['A', 'B', 'C', 'D', 'I', 'J', 'K', 'L']","[9958, 9958, 9958, 9958, 10972, 10972, 10972, 10972]",20220907
7wg2,['A'],[10982],20220914
7wg4,['A'],[10982],20220914
7x0r,"['A', 'B']","[11015, 11015]",20220914
7wg1,"['A', 'B']","[10982, 10982]",20220914
7wfx,"['A', 'B']","[10982, 10982]",20220914
7r8q,"['A', 'B']","[10590, 10590]",20220914
7r8p,['A'],[10590],20220914
7t5t,['A'],[10701],20220914
7whs,"['A', 'B', 'C', 'D', 'E', 'F']","[10984, 10984, 10984, 10984, 10984, 10984]",20220921
7y3x,"['A', 'B']","[11079, 11079]",20220921
7m3h,"['A', 'B']","[9995, 9995]",20220921
7m1z,"['A', 'B', 'C', 'D']","[9995, 9995, 9995, 9995]",20220921
7pod,['A'],[10392],20220921
7nsn,"['A', 'B']","[10113, 10113]",20220921
7y3y,"['A', 'B']","[11079, 11079]",20220921
7zmf,"['A', 'B']","[11230, 11230]",20220921
7ej3,"['A', 'B']","[9736, 9736]",20220921
7y3w,"['A', 'B']","[11079, 11079]",20220921
7zep,"['A', 'B']","[11198, 11198]",20220928
7f06,"['A', 'B']","[9791, 9791]",20220928
7z0t,"['C', 'E', 'B', 'G', 'F', 'D', 'A']","[11144, 11145, 11146, 11147, 11148, 11149, 11498]",20220928
7n3z,['A'],[10063],20220928
8d8o,"['A', 'B']","[10776, 11666]",20220928
7zel,"['A', 'B']","[11198, 11198]",20220928
7zes,"['A', 'B']","[11198, 11198]",20220928
7zc6,"['A', 'B', 'C', 'D', 'E', 'G']","[11188, 11188, 11189, 11190, 11191, 11192]",20220928
7ufg,"['A', 'B', 'D', 'C']","[10776, 10776, 10777, 10777]",20220928
8ek7,"['A', 'B', 'C', 'D', 'E', 'F']","[11781, 11781, 11781, 11781, 11781, 11781]",20220928
7m66,"['A', 'B', 'C', 'D']","[9995, 9995, 9995, 9995]",20220928
7z0s,"['C', 'E', 'B', 'G', 'F', 'D']","[11144, 11146, 11147, 11148, 11149, 11498]",20220928
8b1n,"['A', 'B']","[11376, 11376]",20220928
8ajq,"['A', 'B', 'C', 'D', 'E', 'F', 'G', 'H']","[11344, 11344, 11344, 11344, 11344, 11344, 11344, 11344]",20221005
7yes,"['A', 'B', 'C', 'D', 'E']","[11100, 12213, 12214, 12215, 12215]",20221005
8dk2,"['A', 'B', 'C', 'D', 'F', 'G', 'H', 'I']","[11688, 11689, 11690, 11690, 11691, 11692, 11692, 11692]",20221005
7yer,"['A', 'B', 'C', 'D', 'E']","[11100, 12213, 12214, 12215, 12215]",20221005
7qe2,"['A', 'B']","[10475, 10475]",20221012
7sp0,"['A', 'B']","[10673, 10673]",20221012
7qea,"['A', 'B']","[10475, 10475]",20221012
7qg4,"['A', 'B']","[10475, 10475]",20221012
7qe1,"['A', 'B']","[10475, 10475]",20221012
7wht,"['A', 'B', 'C', 'D', 'E', 'F']","[10984, 10984, 10984, 10984, 10984, 10984]",20221012
7qef,"['A', 'B']","[10475, 10475]",20221012
7sie,['A'],[11929],20221019
7vlz,"['A', 'B', 'C']","[9773, 9774, 9775]",20221019
7prl,['A'],[10407],20221026
7pgq,"['F', 'N']","[10387, 10388]",20221026
7w5e,"['A', 'B', 'C', 'D']","[10949, 10949, 10949, 10949]",20221026
7sjk,"['A', 'B']","[11929, 11929]",20221026
8dzf,"['A', 'B', 'C', 'D', 'E', 'F']","[11721, 11721, 11721, 11721, 11721, 11721]",20221026
8dzg,"['A', 'B', 'C', 'D', 'E', 'F']","[11721, 11721, 11721, 11721, 11721, 11721]",20221026
8dze,"['A', 'B', 'C', 'D', 'E', 'F']","[11721, 11721, 11721, 11721, 11721, 11721]",20221026
7ui5,"['A', 'B']","[10787, 10787]",20221026
7smh,"['A', 'B', 'C', 'D']","[11929, 11929, 11929, 11929]",20221102
7vyx,"['A', 'B']","[10918, 10918]",20221102
7r0t,['A'],[10565],20221102
7zrn,"['A', 'B']","[11250, 11250]",20221102
8d3q,"['A', 'B', 'C', 'D', 'E', 'F', 'I', 'J']","[10034, 10034, 10034, 10034, 11627, 11627, 11628, 11628]",20221102
8d3p,"['A', 'B', 'C', 'D', 'E', 'F', 'I']","[10034, 10034, 10034, 10034, 11627, 11627, 11628]",20221102
7o13,"['A', 'B', 'C', 'D', 'E']","[10154, 10322, 10322, 10454, 10454]",20221102
7ezt,"['A', 'B', 'C', 'D']","[9789, 9789, 9789, 9789]",20221102
8e2l,"['C', 'A', 'B', 'D', 'E', 'F']","[11726, 11726, 11726, 11726, 11727, 11727]",20221102
8a7e,"['P', 'C', 'A', 'Q']","[11083, 11083, 11303, 11303]",20221102
8a7d,"['C', 'P', 'Q']","[10776, 11083, 11302]",20221102
8d3l,"['A', 'B', 'C', 'D', 'E', 'F', 'I', 'J']","[10034, 10034, 10034, 10034, 11627, 11627, 11628, 11628]",20221102
7yf6,"['A', 'B', 'C']","[11101, 11101, 11102]",20221102
8d3m,"['A', 'B', 'C', 'D', 'E', 'F', 'I']","[10034, 10034, 10034, 10034, 11627, 11627, 11628]",20221102
8d1v,['A'],[11092],20221102
7f04,"['A', 'B', 'C', 'D', 'E', 'F']","[10889, 10889, 10890, 10890, 10891, 10892]",20221109
7y9x,"['B', 'A']","[11090, 11092]",20221109
8gs2,"['A', 'B']","[11092, 11971]",20221109
7smg,"['A', 'B', 'C', 'D']","[10670, 10670, 10670, 10670]",20221109
8ep4,"['A', 'B', 'C']","[11787, 11787, 11787]",20221109
7vu0,"['A', 'B']","[10910, 10910]",20221109
7w64,"['A', 'B', 'C', 'D', 'E', 'F', 'G', 'H', 'I', 'J', 'K', 'L']","[10953, 10953, 10953, 10953, 10953, 10953, 10954, 10954, 10954, 10954, 10954, 10954]",20221109
7f02,"['A', 'B', 'C', 'D', 'E', 'F']","[10889, 10889, 10890, 10890, 10891, 10892]",20221109
7xsp,['B'],[11092],20221109
7xss,"['C', 'B']","[11090, 11092]",20221109
7vu1,"['A', 'B']","[10910, 10910]",20221109
7xt4,"['C', 'B']","[11090, 11092]",20221109
7xsq,"['A', 'B']","[11090, 11092]",20221109
7y9y,"['A', 'B']","[11092, 11093]",20221109
7vu2,['A'],[10910],20221109
7sp2,['A'],[11929],20221109
7xsr,"['B', 'C']","[11090, 11092]",20221109
8gz0,"['A', 'B']","[11984, 11984]",20221109
7wj6,"['A', 'B']","[10985, 10985]",20221109
7vu3,['A'],[10910],20221109
7zhd,['A'],[11207],20221109
7f03,"['A', 'B', 'C', 'D', 'E', 'F']","[10889, 10889, 10890, 10890, 10891, 10892]",20221109
7vfp,"['A', 'B', 'C', 'D', 'E', 'F']","[10889, 10889, 10890, 10890, 10891, 10892]",20221109
7vzy,"['A', 'B']","[12034, 12034]",20221116
7vzz,"['A', 'B']","[12034, 12034]",20221116
7xc7,"['D', 'A']","[11090, 11092]",20221116
7vzu,"['A', 'B']","[12034, 12034]",20221116
7qy5,"['A', 'C', 'F', 'G', 'B', 'D']","[10557, 10557, 10558, 10558, 10559, 10560]",20221116
7x7r,['A'],[11092],20221116
8eex,"['A', 'B']","[11090, 11092]",20221116
7x7a,['A'],[11092],20221116
7qce,"['A', 'B']","[10462, 10462]",20221116
8aly,"['E', 'J', 'I', 'H', 'G', 'F', 'D', 'C', 'B', 'A', 'O', 'T', 'S', 'R', 'Q', 'P', 'N', 'M', 'L', 'K']","[11348, 11348, 11348, 11348, 11348, 11348, 11348, 11348, 11348, 11348, 11348, 11348, 11348, 11348, 11348, 11348, 11348, 11348, 11348, 11348]",20221116
7x8a,"['D', 'A']","[11090, 11092]",20221116
7vx0,"['A', 'B']","[12034, 12034]",20221116
7vzn,"['A', 'B']","[12034, 12034]",20221116
8dg5,"['A', 'K']","[11679, 11680]",20221116
8dfv,"['A', 'K']","[11679, 11680]",20221116
7qee,"['A', 'B']","[10475, 10475]",20221116
7vyp,"['A', 'B']","[12034, 12034]",20221116
7vyo,"['A', 'B']","[12034, 12034]",20221116
8dg7,"['A', 'K']","[11680, 11681]",20221116
7tfk,"['A', 'B', 'C', 'D', 'E']","[10725, 10725, 10725, 10726, 11702]",20221116
7ywv,"['A', 'B', 'C', 'D', 'E', 'F', 'G', 'H']","[11135, 11135, 11135, 11135, 11135, 11135, 11135, 11135]",20221116
7vzq,"['A', 'B']","[12034, 12034]",20221116
7weg,"['A', 'B', 'C', 'D']","[10978, 10978, 10979, 10979]",20221116
7vyj,"['A', 'B']","[12034, 12034]",20221116
7tfl,"['A', 'B', 'C', 'D', 'E']","[10725, 10725, 10725, 10726, 11702]",20221116
8aw3,"['2', '3']","[11367, 11368]",20221116
7w1q,"['A', 'D']","[9626, 9626]",20221123
8he6,"['A', 'B']","[10949, 10949]",20221130
7z2v,"['A', 'B']","[11154, 11154]",20221130
8ae1,"['A', 'B', 'C']","[11330, 11330, 11330]",20221130
8beg,"['A', 'B']","[11446, 11446]",20221130
7vcf,"['A', 'B', 'C', 'D', 'F', 'G', 'H', 'I', 'K', 'M', 'N', 'O', 'Q', 'T', 'W']","[10868, 10869, 10870, 10871, 10872, 10873, 10874, 10875, 10876, 10877, 10878, 10879, 10880, 10881, 10882]",20221130
7qb0,['A'],[10453],20221130
7zoq,"['A', 'B']","[11092, 11241]",20221130
7yke,['A'],[9735],20221130
7zol,"['B', 'A']","[11092, 11240]",20221130
7zvj,"['A', 'B']","[11261, 11261]",20221130
7z2u,"['A', 'B']","[11154, 11154]",20221130
7w8f,['A'],[10968],20221207
7xur,"['A', 'B', 'C']","[12140, 12141, 12142]",20221207
7xga,['A'],[11043],20221207
7v0f,"['A', 'B']","[10854, 10854]",20221207
8bad,"['A', 'B']","[11420, 11420]",20221214
7r3e,"['A', 'B']","[10569, 10569]",20221214
7pv7,"['D', 'C', 'B', 'A']","[10416, 10416, 10416, 10416]",20221214
7xnt,"['G', 'A', 'B', 'C']","[11059, 11059, 11059, 11059]",20221214
7y84,"['A', 'C']","[11090, 11092]",20221214
7pvk,"['A', 'B', 'C', 'D']","[10416, 10416, 10416, 10416]",20221214
7y85,"['A', 'D']","[11090, 11092]",20221214
7pva,"['A', 'B', 'C', 'D']","[10416, 10416, 10416, 10416]",20221214
7y80,['A'],[11092],20221214
7uj4,"['A', 'B']","[10798, 10798]",20221214
7qej,"['A', 'B']","[10472, 10472]",20221214
7y83,"['A', 'D']","[11090, 11092]",20221214
7y82,['A'],[11092],20221214
7xht,['A'],[11046],20221214
7w86,['A'],[10966],20221214
7ong,['A'],[10277],20221214
7y81,['A'],[11092],20221214
7y88,['A'],[11089],20221221
8ayh,"['C', 'A', 'B']","[11371, 11372, 11373]",20221221
8ehe,"['A', 'B']","[11768, 11769]",20221221
7wyg,"['A', 'B']","[11012, 11012]",20221221
7qfi,"['A', 'B']","[10474, 10474]",20221221
8f5p,"['A', 'B', 'C', 'D', 'E', 'F']","[11859, 11860, 11861, 11862, 11863, 11888]",20221221
7t91,"['A', 'B']","[10706, 10706]",20221221
7wbo,['A'],[10974],20221221
8f5o,"['B', 'C', 'E', 'A', 'F', 'D']","[11857, 11858, 11859, 11861, 11863, 11888]",20221221
7wdt,['A'],[10977],20221228
7qlr,"['A', 'B', 'C', 'D']","[10495, 10495, 10495, 10495]",20221228
8bd4,"['A', 'B', 'C', 'D', 'E', 'F', 'G', 'R', 'S', 'T']","[11435, 11435, 11435, 11435, 11435, 11435, 11435, 11743, 11743, 11743]",20221228
7wdu,['A'],[10977],20221228
7zqy,"['A', 'B', 'C', 'D']","[11246, 11246, 11246, 11246]",20221228
7ym0,"['A', 'B']","[11115, 11115]",20230104
8exs,"['A', 'B']","[11843, 11843]",20230111
7zr1,"['A', 'B', 'C', 'D', 'E']","[11247, 11247, 11248, 11248, 11249]",20230111
8dqr,['A'],[11700],20230111
8dk0,['A'],[10605],20230111
8exp,"['A', 'B']","[11843, 11843]",20230111
7y5n,"['A', 'C', 'D']","[10776, 11082, 12027]",20230111
8hgh,"['A', 'B', 'C', 'G']","[11083, 11083, 11303, 11303]",20230111
8bal,"['A', 'C', 'D', 'E', 'F']","[11423, 11423, 11423, 11423, 11423]",20230111
7wjl,['A'],[10987],20230111
7qp0,"['A', 'B']","[10518, 10518]",20230111
8dqq,"['A', 'B']","[11700, 11700]",20230111
8dqo,"['A', 'B']","[11700, 11700]",20230111
8exr,"['B', 'A', 'C']","[11841, 11841, 11842]",20230111
8ext,"['A', 'B']","[11843, 11843]",20230111
8exq,"['B', 'A']","[11843, 11843]",20230111
7riz,['A'],[10605],20230111
7y5q,"['A', 'B', 'C']","[10776, 11082, 11083]",20230111
7ris,['A'],[10605],20230111
8dqp,"['A', 'B']","[11700, 11700]",20230111
8djz,['A'],[10605],20230111
8djf,['A'],[10605],20230111
8hgg,"['A', 'B', 'C', 'D']","[11303, 11303, 12027, 12027]",20230111
7qp1,"['A', 'B']","[10518, 10518]",20230111
8asg,['A'],[11364],20230118
8bvl,"['A', 'B']","[11477, 11477]",20230118
7qpl,['A'],[10521],20230118
8ad2,"['A', 'B', 'C', 'D', 'E', 'F', 'G', 'H']","[11323, 11323, 11323, 11323, 11323, 11323, 11323, 11323]",20230118
8as7,['A'],[11364],20230118
7qqe,['A'],[10524],20230118
8gna,['A'],[11092],20230118
8asb,['A'],[11364],20230118
8gu6,"['D', 'A']","[11090, 11092]",20230118
8f1b,"['A', 'B', 'C', 'D', 'E', 'F']","[11856, 11856, 11856, 11856, 11856, 11856]",20230118
8asd,['A'],[11364],20230118
7qqd,"['A', 'B']","[10524, 10524]",20230118
8au6,['A'],[11365],20230118
7qpr,"['A', 'B', 'C', 'D']","[10522, 10522, 10522, 10522]",20230118
8d4a,['A'],[11633],20230118
7fct,"['A', 'B']","[9815, 9815]",20230125
8haw,"['A', 'B']","[12016, 12016]",20230125
7tbr,['A'],[10715],20230125
7svj,"['A', 'B']","[12518, 12518]",20230125
7uqj,"['A', 'B', 'C', 'D', 'E', 'F', 'G']","[10810, 10810, 10810, 10810, 10810, 10810, 10811]",20230201
8fnv,"['A', 'B', 'C', 'D', 'E', 'F', 'G', 'H', 'I', 'J', 'K', 'L']","[11905, 11905, 11905, 11905, 11905, 11905, 11905, 11905, 11905, 11905, 11905, 11905]",20230201
7wrx,"['H', 'A', 'B', 'C', 'D', 'E', 'F', 'G', 'I', 'J', 'K', 'L']","[10994, 10994, 10994, 10994, 10994, 10994, 10994, 10994, 10994, 10994, 10994, 10994]",20230201
7yse,"['A', 'B', 'C', 'D']","[11126, 11126, 11127, 11127]",20230201
7zvo,['A'],[11262],20230208
7uq2,"['A', 'B', 'C', 'D', 'E', 'F']","[10809, 10809, 10809, 10809, 10809, 10809]",20230208
8em4,"['A', 'B']","[11783, 11783]",20230208
8boz,"['A', 'C', 'B', 'E', 'D', 'F', 'G', 'H', 'I', 'J', 'K', 'L', 'M', 'N', 'O', 'P']","[11460, 11460, 11460, 11460, 11460, 11460, 11460, 11460, 11461, 11461, 11461, 11461, 11461, 11461, 11461, 11461]",20230208
8em7,"['A', 'B']","[11783, 11783]",20230208
8amu,"['A', 'B', 'E', 'F']","[11350, 11350, 11350, 11350]",20230208
8fjd,"['A', 'B']","[11896, 11896]",20230208
7prw,"['A', 'B', 'F']","[10409, 10409, 10411]",20230208
7prv,"['A', 'B', 'F']","[10409, 10409, 10410]",20230208
7xrf,"['A', 'B', 'C', 'D', 'E', 'F', 'G', 'H']","[9523, 9523, 9523, 9523, 9788, 9788, 9788, 9788]",20230215
7uk7,['A'],[10800],20230215
7r1m,"['A', 'B', 'C']","[10573, 10573, 10573]",20230215
7ww4,['A'],[11010],20230215
8fh3,"['A', 'B', 'C', 'E', 'I']","[11888, 11891, 11892, 11893, 11894]",20230222
7z6e,"['A', 'B', 'C', 'D', 'E']","[11164, 11164, 11164, 11164, 11164]",20230222
7ui4,['A'],[10786],20230222
8fgw,"['A', 'B', 'C', 'D', 'E', 'F']","[11888, 11889, 11890, 11891, 11893, 12052]",20230222
8dpb,"['A', 'B', 'C', 'D']","[11697, 11697, 11698, 11698]",20230301
8axs,"['A', 'B']","[11369, 11369]",20230301
7wzb,"['B', 'A']","[11014, 11014]",20230301
8ayr,"['A', 'B']","[11374, 11374]",20230301
8brp,"['A', 'B', 'C', 'D']","[11469, 11469, 11469, 11469]",20230301
8axt,"['A', 'B']","[11369, 11369]",20230301
8axi,"['A', 'B']","[11369, 11369]",20230301
7x4t,"['A', 'B']","[11021, 11021]",20230308
7qcn,"['A', 'B']","[10463, 10463]",20230308
7qcl,"['A', 'B']","[10463, 10463]",20230308
7y7o,['A'],[11086],20230308
7xw2,['A'],[11064],20230308
8a82,"['A', 'B']","[11304, 11305]",20230308
8big,"['A', 'B', 'C', 'D', 'E', 'F', 'G', 'H']","[11454, 11454, 11454, 11454, 11454, 11454, 11454, 11454]",20230308
7qcu,"['A', 'B']","[10463, 10463]",20230308
7x4q,"['A', 'B']","[11021, 11021]",20230308
8eip,"['A', 'B', 'C', 'D']","[11780, 11780, 11780, 11780]",20230308
7ui6,"['A', 'B']","[11261, 11261]",20230308
8ein,"['A', 'B', 'C', 'D']","[11780, 11780, 11780, 11780]",20230308
7ui7,"['A', 'B']","[11261, 11261]",20230308
8e7f,['A'],[11734],20230308
8f70,['A'],[11865],20230308
7xqz,['A'],[11062],20230315
7xr7,['A'],[11062],20230315
7uui,['m'],[10828],20230315
7xra,['A'],[11062],20230315
7x6f,"['A', 'B', 'C', 'D', 'E', 'F']","[11022, 11022, 11022, 11022, 11022, 11022]",20230315
8d3z,"['A', 'B']","[11630, 11630]",20230315
7xru,['A'],[11062],20230315
8epx,"['A', 'B', 'C', 'D']","[11789, 11789, 11790, 11790]",20230322
7xso,['A'],[11092],20230322
7x0z,"['A', 'B']","[11016, 11016]",20230322
8gyw,"['B', 'A']","[11792, 11792]",20230322
7xa9,"['A', 'B']","[11027, 11027]",20230322
7xb6,"['A', 'B', 'C', 'D']","[12034, 12034, 12034, 12034]",20230322
8dx0,"['A', 'B']","[11715, 11715]",20230322
8gyx,"['B', 'A']","[11792, 11792]",20230322
8hl8,"['A', 'C']","[11061, 11061]",20230329
8ohy,['A'],[12262],20230329
7uba,['A'],[10768],20230329
7qoh,"['A', 'B', 'C', 'D', 'E', 'F', 'a', 'b', 'd', 'e', 'f', 'g', 'h', 'i', 'j', 'k', 'l', 'm']","[10500, 10500, 10500, 10500, 10500, 10500, 10501, 10501, 10501, 10501, 10502, 10503, 10503, 10504, 10504, 10504, 10505, 10506]",20230329
7qoj,"['A', 'B', 'C', 'D', 'E', 'F', 'G', 'H', 'I', 'J', 'K', 'L', 'M', 'N']","[10507, 10508, 10509, 10510, 10510, 10510, 10511, 10511, 10512, 10513, 10513, 10514, 10515, 10516]",20230329
7qof,"['A', 'B', 'C', 'D', 'E', 'F', 'G', 'H', 'I', 'a', 'b', 'c', 'd', 'e', 'f', 'g', 'h', 'i', 'j', 'k', 'l']","[10499, 10499, 10500, 10500, 10500, 10500, 10500, 10500, 10500, 10500, 10500, 10501, 10501, 10501, 10501, 10501, 10501, 10501, 10501, 10501, 10504]",20230329
7xt2,"['B', 'A']","[11072, 11072]",20230329
7xpu,"['A', 'B']","[11061, 11061]",20230329
7xps,"['A', 'B']","[11061, 11061]",20230329
7xpt,"['A', 'B']","[11061, 11061]",20230329
7xpv,"['A', 'B']","[11061, 11061]",20230329
7xca,"['A', 'B']","[11033, 11033]",20230329
7txr,"['A', 'B']","[10759, 10759]",20230329
8aer,['A'],[12160],20230405
7x2s,['A'],[11017],20230405
7yid,"['A', 'B', 'C', 'D']","[11109, 11109, 11109, 11109]",20230405
7x2n,['A'],[11017],20230405
8f6t,['A'],[12430],20230405
7x36,"['A', 'B', 'C', 'D']","[11017, 11017, 11017, 11017]",20230405
8f5v,"['A', 'B']","[11864, 11864]",20230405
8a30,['A'],[12160],20230405
8a7s,['A'],[12160],20230405
7x2x,['A'],[11017],20230405
7uii,['a'],[10788],20230412
8ffu,"['A', 'B', 'C', 'D']","[11878, 11878, 11878, 11878]",20230412
7xgt,"['A', 'B']","[11045, 11045]",20230412
7uoi,['A'],[10807],20230412
8sa8,"['A', 'B', 'C', 'D']","[12429, 12429, 12429, 12429]",20230412
8hio,"['A', 'D']","[12028, 12032]",20230412
8aca,"['A', 'B', 'C']","[11319, 11319, 11319]",20230412
8h1j,['A'],[11993],20230412
8anp,"['A', 'B', 'C', 'D']","[11354, 11354, 11354, 11354]",20230412
8hhl,['A'],[12028],20230412
8fft,"['A', 'B', 'C', 'D']","[11878, 11878, 11878, 11878]",20230412
8sad,"['A', 'B']","[12429, 12429]",20230412
8sac,"['A', 'B', 'C', 'D']","[12429, 12429, 12429, 12429]",20230412
8hhm,['A'],[12028],20230412
8saa,"['A', 'B']","[12429, 12429]",20230412
8agg,['A'],[11354],20230412
8cnr,['A'],[11573],20230419
8cns,['A'],[11573],20230419
7zdl,"['C', 'D']","[11196, 12133]",20230419
7zdt,"['C', 'D']","[11196, 12133]",20230419
8ewi,"['A', 'B', 'C', 'D']","[11840, 11840, 11840, 11840]",20230419
8e0q,"['A', 'B']","[11840, 11840]",20230419
7zdk,"['C', 'D']","[11196, 12133]",20230419
7zdc,"['C', 'D']","[11196, 12133]",20230419
7zdu,"['C', 'D']","[11196, 12133]",20230419
7zdf,"['C', 'D']","[11196, 12133]",20230419
7zdb,"['C', 'D']","[11196, 12133]",20230419
7zdw,"['C', 'D']","[11196, 12133]",20230419
8d4x,"['A', 'B']","[11840, 11840]",20230419
7zda,"['C', 'D']","[11196, 12133]",20230419
7zec,"['C', 'D']","[11196, 12133]",20230419
7ze5,"['C', 'D']","[11196, 12133]",20230419
8ero,"['A', 'B']","[11792, 11792]",20230426
8a0m,"['A', 'B', 'C', 'D']","[11279, 11279, 11279, 11279]",20230426
8a0c,"['A', 'B']","[11279, 11279]",20230426
8a8o,"['A', 'B', 'C', 'D']","[11308, 11308, 11309, 11309]",20230426
7ynx,"['A', 'B']","[11119, 11119]",20230426
8fzr,['A'],[10982],20230426
8gxd,['A'],[11977],20230426
8erp,"['B', 'A']","[11792, 11792]",20230426
8a8k,"['A', 'B', 'C', 'D', 'E', 'F']","[11307, 11307, 11307, 11307, 11307, 11307]",20230426
8e3s,['A'],[10982],20230426
8sld,['A'],[12442],20230503
8aas,"['A', 'B', 'C']","[11316, 11514, 12254]",20230503
8deo,"['A', 'B']","[11677, 11677]",20230503
8slg,"['A', 'B']","[12442, 12442]",20230503
8slf,"['A', 'B']","[12442, 12442]",20230503
8c5y,"['A', 'B', 'C', 'D', 'E', 'F', 'G', 'H', 'I', 'J', 'K', 'L']","[11316, 11316, 11316, 11316, 11514, 11514, 11514, 11514, 12254, 12254, 12254, 12254]",20230503
7urp,['A'],[10814],20230503
8elf,"['A', 'B']","[11782, 11782]",20230503
8aaj,"['A', 'B', 'C']","[11316, 12253, 12254]",20230503
8slh,['A'],[12442],20230503
8efy,"['A', 'B', 'C', 'D', 'E', 'F', 'I', 'J', 'K', 'L', 'M', 'N']","[11765, 11765, 11765, 11765, 11765, 11765, 11765, 11765, 11765, 11765, 11765, 11765]",20230510
8sng,"['A', 'B']","[12450, 12450]",20230510
7znp,['A'],[11239],20230510
7zpf,"['A', 'B', 'C', 'D']","[11242, 11242, 11242, 11242]",20230510
8ew1,"['A', 'B', 'C']","[11787, 11787, 11787]",20230510
7spq,['A'],[10675],20230510
8cua,"['A', 'B', 'C']","[11616, 11616, 11616]",20230510
8oej,"['A', 'B', 'C', 'D', 'H', 'I']","[11316, 11316, 12253, 12253, 12254, 12254]",20230510
7zs1,['A'],[11252],20230517
7zs2,['A'],[11252],20230517
8fdb,"['A', 'B']","[11877, 11877]",20230517
7xrx,"['A', 'B', 'C']","[11063, 11063, 11063]",20230517
7zs0,['A'],[11252],20230517
8dge,"['A', 'B', 'C', 'D']","[12592, 12592, 12592, 12592]",20230524
8seu,"['A', 'B', 'C', 'D']","[12431, 12431, 12431, 12431]",20230524
8sew,"['A', 'B', 'C', 'D']","[12431, 12431, 12431, 12431]",20230524
8d02,['A'],[10573],20230524
8sev,"['A', 'B', 'C', 'D']","[12431, 12431, 12431, 12431]",20230524
8sex,"['A', 'B', 'C', 'D']","[12431, 12431, 12431, 12431]",20230524
8im8,"['A', 'B', 'C', 'D']","[12122, 12122, 12122, 12122]",20230524
8dl1,"['A', 'B', 'C', 'D']","[12592, 12592, 12592, 12592]",20230524
8sez,"['A', 'B', 'C', 'D']","[12431, 12431, 12431, 12431]",20230524
8sey,"['A', 'B', 'C', 'D']","[12431, 12431, 12431, 12431]",20230524
8dl2,"['A', 'B', 'C', 'D']","[12592, 12592, 12592, 12592]",20230524
8sf0,"['A', 'B', 'C', 'D']","[12431, 12431, 12431, 12431]",20230524
7xv2,['A'],[11072],20230524
8g1n,"['A', 'B']","[11930, 11930]",20230531
8c6z,['A'],[11516],20230531
7xjv,"['A', 'B', 'C', 'D']","[11048, 11048, 11048, 11048]",20230531
8if8,"['C', 'B']","[12104, 12104]",20230531
7yia,['A'],[11108],20230531
8drp,"['A', 'B', 'C', 'D']","[12431, 12431, 12431, 12431]",20230531
7xmw,"['A', 'B']","[11058, 11058]",20230531
8bgj,"['A', 'B', 'C']","[11452, 11452, 11452]",20230607
7yl4,"['A', 'B']","[11111, 11111]",20230607
8gao,"['A', 'B', 'C', 'D', 'E', 'F', 'G']","[11707, 11707, 11707, 11707, 11707, 11707, 11712]",20230607
8crl,"['A', 'B']","[11576, 11577]",20230607
8c4v,['A'],[11513],20230607
7xyo,"['A', 'B']","[11070, 11070]",20230607
8ec3,['A'],[11761],20230607
7yl5,"['A', 'B']","[11111, 11111]",20230607
8iib,"['A', 'B']","[12118, 12118]",20230607
8soj,"['A', 'B', 'C', 'D']","[10762, 12452, 12453, 12454]",20230607
7yl6,"['A', 'B']","[11111, 11111]",20230607
8d9h,"['B', 'E']","[11090, 11092]",20230614
8fs6,"['A', 'B', 'C', 'D', 'E', 'F', 'G', 'H']","[10680, 10725, 10725, 10725, 11701, 11702, 11908, 11909]",20230614
8dtp,"['A', 'B', 'C', 'D', 'E', 'F']","[11707, 11707, 11707, 11707, 11707, 11707]",20230614
8d9i,['B'],[11092],20230614
8hme,"['A', 'D', 'E']","[12050, 12051, 12052]",20230614
8hmf,"['A', 'D', 'E']","[12050, 12052, 12053]",20230614
8duo,"['A', 'B', 'C', 'D', 'E', 'F']","[11707, 11707, 11707, 11707, 11707, 11707]",20230614
7yls,"['A', 'B']","[11114, 11996]",20230614
8ezb,"['A', 'B', 'C', 'F', 'G', 'H', 'I', 'J', 'K', 'L', 'O', 'P', 'S', 'T', 'X', 'Y']","[10683, 10683, 11848, 11848, 11848, 11848, 11849, 11849, 11850, 11850, 11851, 11851, 11852, 11852, 11853, 11853]",20230614
7zyb,['A'],[11274],20230614
8dvi,"['A', 'B', 'C', 'D', 'E', 'F', 'H']","[11707, 11707, 11707, 11707, 11707, 11707, 11712]",20230614
8hmc,"['A', 'B', 'C', 'F']","[11861, 12047, 12048, 12049]",20230614
8fs8,"['A', 'B', 'C', 'D', 'E', 'F', 'G', 'H']","[10680, 10725, 10725, 10725, 11701, 11702, 11908, 11909]",20230614
8fs7,"['A', 'B', 'C', 'D', 'E', 'F', 'G', 'H']","[10680, 10725, 10725, 10725, 11701, 11702, 11908, 11909]",20230614
8cav,"['A', 'B', 'D', 'G']","[11539, 11539, 11540, 11541]",20230614
8d9g,"['A', 'B']","[11090, 11092]",20230614
7zyc,['A'],[11274],20230614
8h2t,"['B', 'A', 'D', 'E', 'G', 'H']","[11114, 11114, 11114, 11996, 11996, 11996]",20230614
7y9g,"['A', 'B']","[11091, 11091]",20230614
8d9f,"['A', 'B']","[11090, 11092]",20230614
7uwv,['A'],[10836],20230614
8dml,"['A', 'B', 'C', 'D', 'E', 'F', 'G', 'H']","[11695, 11695, 11695, 11695, 11696, 11696, 11696, 11696]",20230614
8due,"['A', 'B', 'C', 'D', 'E', 'F']","[11707, 11707, 11707, 11707, 11707, 11707]",20230614
8dvf,"['A', 'B', 'C', 'D', 'E', 'F', 'H']","[11707, 11707, 11707, 11707, 11707, 11707, 11712]",20230614
8dw6,"['A', 'B', 'C', 'D', 'E', 'F', 'H']","[11707, 11707, 11707, 11707, 11707, 11707, 11712]",20230614
7uww,"['A', 'B']","[10836, 10836]",20230614
8dwj,['A'],[11712],20230614
8oel,"['A', 'B', 'C', 'D', 'H', 'I']","[11316, 11316, 12253, 12253, 12254, 12254]",20230614
8fs5,"['A', 'B', 'C', 'D', 'E', 'F', 'G', 'H']","[10680, 10725, 10725, 10725, 11701, 11702, 11908, 11909]",20230614
8ci9,['C'],[9691],20230614
8d9e,['B'],[11092],20230614
8fs3,"['A', 'B', 'C', 'D', 'E', 'F', 'G', 'H']","[10680, 10725, 10725, 10725, 11701, 11702, 11908, 11909]",20230614
7yc6,['A'],[11095],20230614
8d97,['A'],[11092],20230614
8ipr,"['A', 'C', 'D', 'E']","[12132, 12132, 12133, 12133]",20230614
8hmd,"['A', 'B', 'C', 'F']","[11861, 11889, 12047, 12049]",20230614
8cjd,"['A', 'B']","[11565, 11565]",20230614
7uwu,"['A', 'B']","[10836, 10836]",20230614
8fs4,"['A', 'B', 'C', 'D', 'E', 'F', 'G', 'H']","[10680, 10725, 10725, 10725, 11701, 11702, 11908, 11909]",20230614
8p82,"['A', 'B']","[11840, 11840]",20230614
8gqa,"['A', 'B']","[11968, 12136]",20230621
7y68,"['A', 'B']","[12220, 12220]",20230621
7y63,"['A', 'B']","[12220, 12220]",20230621
8cll,"['A', 'B', 'C', 'F', 'G', 'H']","[11568, 11568, 11569, 11569, 11570, 11570]",20230621
8cli,"['A', 'B', 'C']","[11567, 11568, 11569]",20230621
8ffz,"['A', 'B', 'C', 'D', 'E', 'F', 'G', 'H']","[11880, 11881, 11882, 11883, 11884, 11885, 11886, 11887]",20230621
7y69,"['A', 'B']","[12220, 12220]",20230621
8ith,['A'],[12136],20230621
8itg,"['A', 'B']","[12135, 12136]",20230621
8gqb,['A'],[12136],20230621
8gq9,['A'],[12136],20230621
8gul,"['A', 'B']","[11972, 11973]",20230621
8clj,"['A', 'B', 'C', 'F', 'G', 'H']","[11567, 11567, 11568, 11568, 11569, 11569]",20230621
8gyr,"['A', 'B']","[11983, 11983]",20230628
8eew,"['A', 'B']","[11764, 11764]",20230628
7y8t,"['B', 'A']","[11090, 11092]",20230628
7yab,['A'],[11094],20230628
8eff,"['A', 'B', 'C', 'D']","[11764, 11764, 11764, 11764]",20230628
8t5j,['A'],[12486],20230628
8t5n,['A'],[12442],20230628
7y7l,['A'],[11094],20230628
7y8y,"['B', 'A']","[11090, 11092]",20230628
7tbq,"['A', 'B', 'C', 'D', 'E']","[10714, 10714, 10714, 10714, 10714]",20230705
8in8,"['B', 'C']","[12127, 12128]",20230705
8d2z,"['A', 'B']","[11626, 11626]",20230705
8ch4,"['A', 'B', 'C', 'D']","[11562, 11562, 11562, 11562]",20230705
8gkh,['P'],[11961],20230705
8pfc,"['A', 'B', 'C', 'D', 'E', 'F', 'G', 'H', 'I', 'J', 'K', 'L', 'M', 'N', 'O', 'P']","[12163, 12163, 12163, 12163, 12163, 12163, 12163, 12163, 12164, 12164, 12164, 12164, 12164, 12164, 12164, 12164]",20230705
8ept,['A'],[11785],20230705
8p3a,['A'],[12293],20230705
7xyr,['A'],[11071],20230705
7xz2,"['A', 'B', 'C', 'D']","[11072, 11072, 11072, 11072]",20230712
8bc5,['A'],[11432],20230712
8og4,"['A', 'B']","[12258, 12258]",20230712
7xyy,"['A', 'B']","[11072, 11072]",20230712
7xz0,"['A', 'B']","[11072, 11072]",20230712
8dzj,"['A', 'B']","[11722, 12159]",20230712
8bck,['A'],[11432],20230712
8bbt,['A'],[11432],20230712
7xyz,"['A', 'B', 'C', 'D']","[11072, 11072, 11072, 11072]",20230712
7xz1,"['A', 'B']","[11072, 11072]",20230712
8bja,"['B', 'A']","[11840, 11840]",20230712
8b2g,"['A', 'B']","[11380, 11380]",20230719
7yh3,"['A', 'B', 'C', 'D']","[11103, 11103, 11103, 11103]",20230719
8b2h,['A'],[11381],20230719
7yh2,"['A', 'B']","[11103, 11103]",20230719
8i87,"['A', 'B', 'C', 'D', 'F', 'G', 'O', 'T']","[12108, 12108, 12108, 12108, 12459, 12459, 12459, 12459]",20230719
8c05,['A'],[11490],20230719
7yh5,"['A', 'B', 'C', 'D', 'E', 'F']","[11104, 11104, 11104, 11104, 11104, 11105]",20230719
7yd2,"['A', 'B']","[11096, 11096]",20230719
8jx6,"['A', 'B']","[12225, 12225]",20230726
8ide,"['A', 'B']","[12101, 12102]",20230726
8iqc,"['A', 'B']","[12134, 12134]",20230726
8frk,['A'],[10756],20230726
7yua,"['A', 'B', 'C', 'D']","[11061, 11061, 11061, 11061]",20230726
8dq6,"['A', 'B', 'C']","[11699, 11699, 11699]",20230726
8iqd,"['A', 'B', 'C', 'D']","[12134, 12134, 12134, 12134]",20230726
8frj,['A'],[10756],20230726
8oic,"['A', 'B', 'C', 'D', 'E', 'F', 'G', 'H']","[12263, 12263, 12263, 12263, 12263, 12263, 12263, 12263]",20230802
8oib,"['A', 'B', 'C', 'D']","[12263, 12263, 12263, 12263]",20230802
7yka,"['A', 'B']","[11110, 11110]",20230802
8oia,"['A', 'B', 'C', 'D']","[12263, 12263, 12263, 12263]",20230802
8oi9,"['A', 'B']","[12263, 12263]",20230802
7xg1,"['A', 'B', 'C', 'D', 'E', 'F', 'G']","[11037, 11038, 11041, 11041, 11041, 11041, 11041]",20230802
8eb5,['A'],[11763],20230802
8oi7,"['A', 'B']","[12263, 12263]",20230802
8dj2,"['A', 'B']","[11685, 11685]",20230802
7xg3,"['A', 'B', 'C', 'D', 'E', 'F', 'G', 'H', 'L']","[11037, 11038, 11039, 11040, 11041, 11041, 11041, 11041, 11042]",20230809
8aw0,"['A', 'B', 'C', 'D', 'E', 'F', 'G', 'H']","[11366, 11366, 11366, 11366, 11366, 11366, 11366, 11366]",20230809
8gju,"['D', 'F', 'J', 'K', 'L', 'A', 'B', 'H']","[11697, 11697, 11697, 11697, 11960, 11960, 11960, 11960]",20230809
7ylq,"['A', 'B']","[11113, 11113]",20230809
7xg0,"['A', 'B', 'C', 'D', 'E', 'F', 'G', 'H']","[11037, 11038, 11041, 11041, 11041, 11041, 11041, 11042]",20230809
8ori,"['A', 'B', 'C', 'D']","[12279, 12279, 12279, 12279]",20230809
7xg2,"['A', 'B', 'C', 'D', 'E', 'F', 'G', 'H']","[11037, 11038, 11041, 11041, 11041, 11041, 11041, 11042]",20230809
7xg4,"['A', 'B', 'C', 'D', 'E', 'F', 'G', 'H', 'L']","[11037, 11038, 11040, 11041, 11041, 11041, 11041, 11041, 11042]",20230809
8osw,"['A', 'B']","[12279, 12279]",20230809
7xfz,"['A', 'B', 'C', 'D', 'H']","[11037, 11038, 11041, 11041, 11042]",20230809
8avz,"['A', 'B', 'C', 'D']","[11366, 11366, 11366, 11366]",20230809
7yqs,['A'],[12091],20230809
8sou,"['A', 'B']","[12456, 12458]",20230809
8sqv,['A'],[12461],20230809
8h09,"['A', 'B']","[11987, 11987]",20230816
8hk6,"['A', 'B', 'C', 'D']","[12043, 12043, 12043, 12043]",20230816
8c8v,['A'],[11526],20230816
8hhv,"['A', 'B', 'C', 'D']","[12099, 12099, 12099, 12099]",20230816
8h0d,"['A', 'B']","[11987, 11987]",20230816
8hkk,"['A', 'B', 'C', 'D']","[12043, 12043, 12043, 12043]",20230816
8c8w,['A'],[11526],20230816
8hkm,"['A', 'B', 'C', 'D']","[12043, 12043, 12043, 12043]",20230816
8ah3,['A'],[11342],20230816
8ic7,"['B', 'A']","[12100, 12100]",20230816
8ic6,"['B', 'A']","[12100, 12100]",20230816
8hkf,"['A', 'B', 'C', 'D']","[12043, 12043, 12043, 12043]",20230816
8ic1,"['A', 'B', 'C', 'D']","[12099, 12099, 12099, 12099]",20230816
8imy,"['G', 'K', 'U', 'T', 'S', 'D']","[10957, 10958, 10989, 10990, 12125, 12126]",20230816
8h0b,"['A', 'B']","[11987, 11987]",20230816
8hkq,"['D', 'A', 'C', 'B']","[12043, 12043, 12043, 12043]",20230816
8c9d,['A'],[11526],20230816
8h0a,"['A', 'B']","[11987, 11987]",20230816
8h0c,"['A', 'B']","[11987, 11987]",20230816
8hir,"['A', 'B', 'C', 'D']","[12043, 12043, 12043, 12043]",20230816
8hi7,"['A', 'B']","[12029, 12030]",20230823
8sp3,"['A', 'B', 'E', 'F']","[12108, 12108, 12459, 12459]",20230823
8ffi,"['A', 'B', 'E', 'F', 'I', 'L', 'M', 'N']","[12108, 12108, 12108, 12108, 12459, 12459, 12459, 12459]",20230823
7r5i,"['A', 'B', 'C', 'E']","[10573, 10573, 10573, 10574]",20230823
8hi8,"['A', 'B']","[12029, 12030]",20230823
8h4p,"['A', 'B']","[12003, 12003]",20230823
8h6u,"['A', 'B', 'C', 'D']","[12008, 12008, 12008, 12008]",20230823
8squ,"['A', 'B']","[12108, 12459]",20230823
8amy,['A'],[11351],20230823
8c06,"['A', 'B', 'D', 'E', 'F', 'G']","[11491, 11491, 11492, 11492, 11493, 11493]",20230823
8c8u,['A'],[11526],20230823
8h72,"['A', 'B']","[12009, 12009]",20230823
7zve,"['A', 'B', 'C', 'D', 'E', 'F', 'G', 'H']","[11260, 11260, 11260, 11260, 11260, 11260, 11260, 11260]",20230823
8f0v,['A'],[11855],20230823
8spo,"['A', 'B', 'E', 'F', 'I', 'L', 'M', 'N']","[12108, 12108, 12108, 12108, 12459, 12459, 12459, 12459]",20230823
8aol,['A'],[11359],20230823
8gn4,['A'],[11967],20230830
8p27,"['A', 'B']","[12292, 12292]",20230830
7yuj,"['A', 'B']","[11477, 11477]",20230830
8im5,['A'],[12121],20230830
8asa,"['A', 'B', 'C', 'D', 'E', 'F', 'G', 'H']","[11363, 11363, 11363, 11363, 11363, 11363, 11363, 11363]",20230830
8p28,"['A', 'B', 'C', 'D']","[12292, 12292, 12292, 12292]",20230830
8p23,"['A', 'B']","[12292, 12292]",20230830
8gn3,"['A', 'B']","[11967, 11967]",20230830
7yui,"['A', 'B']","[11132, 11133]",20230830
8ce5,"['A', 'B', 'C', 'D', 'a', 'b']","[10889, 10889, 10890, 10890, 10891, 10892]",20230906
8avq,"['A', 'B', 'C', 'D']","[11363, 11363, 11363, 11363]",20230906
8gr7,"['A', 'B']","[12009, 12009]",20230906
7z3f,"['A', 'B']","[11158, 11158]",20230913
8oh9,"['A', 'B', 'C', 'D', 'E', 'F', 'G', 'H', 'I', 'J', 'K', 'L']","[12259, 12259, 12259, 12259, 12260, 12260, 12260, 12260, 12261, 12261, 12261, 12261]",20230913
8p2s,"['A', 'B']","[12292, 12292]",20230913
8h18,['A'],[11994],20230913
8p39,"['A', 'B']","[12292, 12292]",20230913
8h2f,['A'],[11994],20230913
8oh5,"['A', 'B', 'C', 'D', 'E', 'F', 'G', 'H', 'I', 'J', 'K', 'L']","[12259, 12259, 12259, 12259, 12260, 12260, 12260, 12260, 12261, 12261, 12261, 12261]",20230913
8p2c,"['A', 'B', 'C', 'D']","[12292, 12292, 12292, 12292]",20230913
8u2q,"['A', 'B']","[12442, 12442]",20230913
7z3i,"['A', 'B']","[11158, 11158]",20230913
8bbq,"['A', 'B']","[11431, 11431]",20230920
8ibz,['C'],[12098],20230920
7yr9,"['A', 'B']","[11123, 11123]",20230920
8j3o,"['A', 'B', 'C', 'D']","[12161, 12161, 12161, 12161]",20230920
8ibx,['C'],[12098],20230920
8iby,['C'],[12098],20230920
8bbr,"['A', 'B']","[11431, 11431]",20230920
8ibw,['C'],[12098],20230920
8jc7,"['A', 'B', 'C', 'D', 'E', 'F', 'G']","[12187, 12187, 12187, 12187, 12187, 12187, 12187]",20230927
8u7n,"['A', 'B']","[12518, 12518]",20230927
8jsl,"['A', 'B', 'C', 'D', 'E']","[11100, 12211, 12212, 12212, 12213]",20230927
8j12,"['A', 'B']","[12159, 12159]",20230927
8oxq,"['A', 'B']","[10095, 10095]",20230927
8oxp,"['A', 'B']","[12286, 12286]",20230927
8jsm,"['A', 'B', 'C', 'D', 'E']","[11100, 12213, 12214, 12215, 12215]",20230927
8j3r,"['A', 'B']","[12159, 12159]",20230927
8h0l,"['A', 'B']","[11989, 11989]",20230927
8oxo,"['E', 'A', 'F', 'B']","[10095, 10095, 12287, 12287]",20230927
8oxm,"['E', 'A', 'F', 'B']","[12286, 12286, 12287, 12287]",20230927
8jsn,"['A', 'B', 'C', 'D', 'E']","[11100, 12213, 12214, 12215, 12215]",20230927
8j1j,"['A', 'B']","[12159, 12159]",20230927
8po9,"['A', 'B', 'C', 'D', 'E', 'F']","[11528, 11528, 11528, 11528, 11528, 11528]",20231004
8b4l,"['E', 'A', 'B', 'C', 'D', 'F']","[11388, 11388, 11388, 11388, 11388, 11388]",20231004
8can,"['A', 'B', 'C', 'D', 'E', 'F']","[11528, 11528, 11528, 11528, 11528, 11528]",20231004
8cad,"['A', 'B', 'C', 'D', 'E', 'F']","[11528, 11528, 11528, 11528, 11528, 11528]",20231004
8kih,['A'],[12250],20231004
8ca9,"['A', 'B', 'C', 'D', 'E', 'F']","[11528, 11528, 11528, 11528, 11528, 11528]",20231004
8b5w,['A'],[11391],20231004
8b4m,"['A', 'B', 'C', 'D', 'E', 'F']","[11388, 11388, 11388, 11388, 11388, 11388]",20231004
8b6q,['A'],[11394],20231011
8h2n,"['A', 'B', 'C', 'D']","[11995, 11995, 11995, 11995]",20231011
8ftp,"['A', 'B']","[11911, 11911]",20231011
8bwu,['A'],[10756],20231011
8h46,"['A', 'B']","[12002, 12002]",20231018
8enp,['A'],[11785],20231018
8hx9,"['A', 'B']","[12066, 12066]",20231018
8h45,"['A', 'B']","[12002, 12002]",20231018
8h4b,"['A', 'B']","[12002, 12002]",20231018
8gyg,"['A', 'B']","[11982, 11982]",20231018
8hx8,"['A', 'B']","[12066, 12066]",20231018
8h44,"['A', 'B']","[12002, 12002]",20231018
8h47,"['A', 'B']","[12002, 12002]",20231018
8h4e,"['A', 'B']","[12002, 12002]",20231018
8h48,"['A', 'B']","[12002, 12002]",20231018
8h49,"['A', 'B']","[12002, 12002]",20231018
8h4g,"['A', 'B']","[12002, 12002]",20231018
8p84,"['A', 'B']","[12303, 12303]",20231018
8hx7,"['A', 'B']","[12066, 12066]",20231018
8h4d,"['A', 'B']","[12002, 12002]",20231018
8h4c,"['A', 'B']","[12002, 12002]",20231018
8hx6,"['A', 'B']","[12066, 12066]",20231018
8h4a,"['A', 'B']","[12002, 12002]",20231018
8bap,"['A', 'B', 'C', 'D', 'E', 'F', 'G', 'H', 'I', 'J', 'K', 'L', 'M', 'N', 'O', 'P']","[11135, 11135, 11135, 11135, 11135, 11135, 11135, 11135, 11135, 11135, 11135, 11135, 11135, 11135, 11135, 11135]",20231025
8anv,"['A', 'B', 'C', 'F']","[11356, 11356, 11357, 11358]",20231025
8f1d,"['A', 'B', 'C', 'D']","[10679, 10679, 10679, 10679]",20231025
8pxc,['A'],[12343],20231025
8f1c,"['A', 'B', 'C', 'D']","[10679, 10679, 10679, 10679]",20231025
8p66,['B'],[12301],20231101
8fts,['A'],[11912],20231101
8ftr,['A'],[11912],20231101
8bvk,"['A', 'B']","[11476, 11476]",20231101
8ftv,['A'],[11912],20231101
8ey4,"['I', 'A']","[11845, 11846]",20231108
8qmg,"['A', 'B', 'C', 'D', 'E', 'F', 'G', 'H']","[11323, 11323, 11323, 11323, 11323, 11323, 11323, 11323]",20231108
8ey3,['A'],[11846],20231108
8sl1,['A'],[12441],20231108
8h4f,"['A', 'B']","[12002, 12002]",20231108
8iw5,"['A', 'B']","[12150, 12150]",20231108
8jul,"['A', 'B']","[12220, 12220]",20231115
8jun,"['A', 'B']","[12220, 12220]",20231115
8hfc,"['A', 'B']","[12022, 12023]",20231122
8q41,"['A', 'B']","[12359, 12359]",20231122
8t1s,"['A', 'B', 'C', 'D']","[12479, 12479, 12480, 12480]",20231122
8hfp,"['A', 'C', 'B', 'D']","[12025, 12025, 12026, 12026]",20231122
8hic,['A'],[10635],20231122
8hf3,"['A', 'B']","[12021, 12022]",20231122
8q44,"['A', 'B']","[12359, 12359]",20231122
8q42,"['A', 'B']","[12359, 12359]",20231122
8wpg,"['B', 'A']","[12473, 12473]",20231122
8t1t,"['A', 'B', 'C', 'D']","[12479, 12479, 12480, 12480]",20231122
8q43,"['A', 'B']","[12359, 12359]",20231122
8q40,"['A', 'B']","[12359, 12359]",20231122
8q3z,"['A', 'B']","[12359, 12359]",20231122
8hip,"['B', 'A']","[12033, 12033]",20231129
8i3x,"['A', 'B']","[12089, 12089]",20231129
8oqh,"['A', 'B']","[12275, 12275]",20231129
8hke,"['B', 'A']","[12033, 12033]",20231129
8j9r,['A'],[12175],20231206
8tzg,['A'],[12512],20231206
8q1k,"['A', 'B']","[12349, 12349]",20231206
8ehn,"['A', 'B']","[11770, 11770]",20231206
8q1x,"['A', 'B']","[12349, 12349]",20231206
8f9x,"['A', 'B', 'C', 'D', 'E', 'F', 'G', 'H', 'I', 'J']","[11870, 11870, 11870, 11870, 11870, 11870, 11870, 11870, 11870, 11870]",20231206
8khq,"['A', 'B', 'C', 'D']","[12249, 12249, 12249, 12249]",20231206
8j9q,"['A', 'B', 'C']","[12175, 12175, 12175]",20231206
8q6g,['A'],[12363],20231213
8bux,['A'],[11473],20231213
8q6h,['A'],[12363],20231213
8q6f,['A'],[12363],20231213
8bu0,['A'],[11566],20231213
8hrf,"['A', 'B']","[12063, 12063]",20231220
8d2l,['A'],[11624],20231220
8ies,['P'],[10298],20231220
8iem,['P'],[10298],20231220
8c8j,['A'],[11517],20231220
8ieo,['P'],[10298],20231220
8jws,"['A', 'B', 'C']","[12223, 12223, 12223]",20231220
8ien,['P'],[10298],20231220
8jwu,"['A', 'B', 'C']","[12224, 12224, 12224]",20231220
8d2p,['A'],[11624],20231220
8d2n,['A'],[11624],20231220
8d2k,['A'],[11624],20231220
8d2q,['A'],[11625],20231220
8d2o,['A'],[11625],20231220
8f72,"['A', 'B']","[11866, 11866]",20231220
8qz8,"['A', 'B', 'C']","[12332, 12333, 12334]",20231227
8ptj,"['A', 'B', 'C']","[12332, 12333, 12339]",20231227
8psu,"['A', 'B', 'C']","[12333, 12335, 12337]",20231227
8qfm,"['A', 'B']","[12382, 12382]",20231227
8pt6,"['A', 'B', 'C']","[12332, 12333, 12336]",20231227
8std,"['A', 'B', 'C', 'D', 'E', 'F']","[12466, 12466, 12466, 12466, 12466, 12466]",20231227
8bz8,"['A', 'B', 'C', 'D', 'E', 'F']","[11483, 11483, 11483, 11483, 11483, 11483]",20231227
8psx,"['A', 'B', 'C']","[12332, 12333, 12334]",20231227
8pso,"['A', 'B', 'C']","[12333, 12335, 12337]",20231227
8psq,"['A', 'B', 'C']","[12333, 12335, 12337]",20231227
8bz7,"['A', 'B', 'C', 'D', 'E', 'F']","[11483, 11483, 11483, 11483, 11483, 11483]",20231227
8qfn,"['A', 'B']","[12382, 12382]",20231227
8spe,"['A', 'B', 'C', 'D', 'Q', 'R', 'S', 'T', 'G', 'H', 'U', 'V', 'E', 'F', 'I', 'J', 'K', 'L', 'M', 'N', 'O', 'P', 'W', 'X', 'Y', 'Z', 'a', 'b', 'c', 'd', 'e', 'f', 'g', 'h', 'i', 'j']","[12463, 12463, 12463, 12463, 12463, 12463, 12463, 12463, 12463, 12463, 12463, 12463, 12463, 12463, 12463, 12463, 12463, 12463, 12463, 12463, 12463, 12463, 12463, 12463, 12463, 12463, 12463, 12463, 12463, 12463, 12463, 12463, 12463, 12463, 12463, 12463]",20231227
8qfo,"['A', 'B']","[12382, 12382]",20231227
8psn,"['A', 'B', 'C']","[12332, 12333, 12334]",20231227
8qfl,"['A', 'B']","[12382, 12382]",20231227
8srx,"['A', 'B', 'C', 'D']","[12463, 12463, 12463, 12463]",20231227
8pt2,"['A', 'B', 'C']","[12332, 12333, 12334]",20231227
8pss,"['A', 'B', 'C']","[12332, 12333, 12337]",20231227
8pt7,"['A', 'B', 'C']","[12332, 12333, 12337]",20231227
8soq,"['A', 'B', 'C', 'D', 'E', 'F']","[12466, 12466, 12466, 12466, 12466, 12466]",20231227
8pth,"['A', 'B', 'C']","[12332, 12333, 12339]",20231227
8qfq,"['A', 'B']","[12382, 12382]",20231227
8qfp,"['A', 'B']","[12382, 12382]",20231227
8fvu,"['A', 'B', 'U']","[11915, 11916, 11917]",20240103
8psz,"['A', 'B', 'C']","[12332, 12333, 12334]",20240110
8hy9,['A'],[12070],20240110
8sxt,['A'],[11517],20240110
8taf,"['J', 'L', 'M', 'N', 'O', 'P', 'Q', 'R']","[12490, 12490, 12490, 12490, 12490, 12490, 12490, 12490]",20240110
8ifl,"['A', 'B', 'F', 'G', 'J', 'K', 'N', 'O']","[12108, 12108, 12108, 12108, 12459, 12459, 12459, 12459]",20240117
8t85,['A'],[12488],20240117
8uq8,"['A', 'a']","[12538, 12538]",20240117
8imd,"['A', 'B']","[12123, 12123]",20240117
8uq9,"['A', 'a']","[12538, 12538]",20240117
8ifk,"['A', 'B']","[12108, 12459]",20240117
8pzh,"['A', 'B']","[12317, 12317]",20240117
8uqa,['K'],[12538],20240117
8aq9,['A'],[11362],20240117
8k34,"['A', 'B']","[12108, 12459]",20240117
8wil,['A'],[12571],20240117
8po5,"['A', 'B']","[12317, 12317]",20240117
8ifm,"['A', 'B', 'F', 'G', 'J', 'K', 'N', 'O']","[12108, 12108, 12108, 12108, 12459, 12459, 12459, 12459]",20240117
8f5m,"['A', 'B']","[11866, 11866]",20240117
8uqc,['A'],[12538],20240117
8ux2,"['A', 'B', 'C']","[12546, 12546, 12546]",20240117
8wim,['A'],[12571],20240117
8uqb,['A'],[12538],20240117
8hiu,"['A', 'B']","[12034, 12034]",20240124
8i4d,['A'],[12091],20240124
8re2,['A'],[12421],20240131
8v14,"['A', 'B']","[12548, 12548]",20240131
8qlp,"['A', 'B', 'E', 'F', 'I', 'J', 'M', 'N']","[12108, 12108, 12108, 12108, 12459, 12459, 12459, 12459]",20240131
8um6,"['A', 'B']","[12533, 12533]",20240207
8paq,"['A', 'B']","[12304, 12304]",20240207
8vrx,"['A', 'B']","[12518, 12518]",20240207
8fmg,"['A', 'B', 'C', 'D', 'E', 'F', 'G', 'H', 'K', 'L', 'M', 'N']","[11898, 11898, 11898, 11898, 11898, 11898, 11898, 11898, 11898, 11898, 11898, 11898]",20240207
8xx9,['A'],[12592],20240207
8jt1,"['A', 'B', 'C', 'E', 'F', 'G', 'I', 'J']","[9773, 9773, 12216, 12216, 12216, 12216, 12217, 12217]",20240207
8fmf,"['A', 'B', 'C', 'D']","[11898, 11898, 11898, 11898]",20240207
8fjm,"['A', 'B']","[11897, 11897]",20240207
8fm1,"['A', 'B', 'C', 'D', 'E', 'F', 'G', 'H', 'I', 'J', 'K', 'L']","[11898, 11898, 11898, 11898, 11898, 11898, 11898, 11898, 11898, 11898, 11898, 11898]",20240207
8xxa,['A'],[12592],20240207
8hbb,"['A', 'B', 'C', 'D']","[12017, 12017, 12017, 12017]",20240207
8ccy,['A'],[11553],20240207
8szf,"['A', 'B']","[12473, 12473]",20240207
8j9x,"['A', 'B']","[12247, 12247]",20240207
8oqj,"['A', 'B']","[12276, 12276]",20240207
8hb2,"['A', 'B', 'C', 'D']","[12017, 12017, 12017, 12017]",20240207
8j9v,"['A', 'B']","[12247, 12247]",20240207
8fmh,"['A', 'B', 'C', 'D', 'E', 'F', 'G', 'H']","[11898, 11898, 11898, 11898, 11898, 11898, 11898, 11898]",20240207
8fjn,['A'],[11897],20240207
8sy3,"['A', 'B']","[12471, 12471]",20240214
8q3b,"['A', 'B', 'C', 'D', 'E', 'F', 'I', 'J']","[12351, 12352, 12353, 12354, 12355, 12356, 12357, 12358]",20240214
8q3k,"['A', 'B', 'C', 'D', 'E', 'F', 'I', 'J']","[12351, 12352, 12353, 12354, 12355, 12356, 12357, 12358]",20240214
8g1m,['A'],[11929],20240214
8g1l,['A'],[11929],20240214
8chy,['A'],[11563],20240221
8p5q,['A'],[12297],20240221
8k7x,['A'],[12233],20240221
8k7y,"['A', 'E']","[12233, 12233]",20240221
8cig,['A'],[11566],20240221
8iex,['A'],[9597],20240221
8x51,"['A', 'B']","[12583, 12583]",20240228
8j48,"['D', 'B', 'A', 'C']","[12162, 12162, 12164, 12164]",20240228
8j49,"['A', 'B', 'D']","[12163, 12164, 12164]",20240228
8j4b,"['A', 'C', 'B', 'D']","[12163, 12163, 12164, 12164]",20240228
8wy5,"['A', 'B', 'C', 'D']","[12583, 12583, 12583, 12583]",20240228
8ckr,['A'],[11566],20240228
8q6u,"['A', 'B']","[12372, 12372]",20240306
8g9u,"['P', 'A', 'B', 'D', 'C', 'E', 'F', 'I', 'G', 'H', 'J', 'M', 'N']","[11941, 11941, 11941, 11941, 11941, 11941, 11941, 11942, 11943, 11943, 11943, 11944, 11945]",20240306
8sp2,"['A', 'B', 'C', 'D', 'E', 'F', 'G', 'H', 'I', 'J', 'K', 'L']","[12457, 12457, 12457, 12457, 12457, 12457, 12457, 12457, 12457, 12457, 12457, 12457]",20240306
8snk,"['I', 'A', 'C', 'B', 'D', 'E']","[12457, 12457, 12457, 12457, 12457, 12457]",20240306
8j9g,"['A', 'B']","[12108, 12459]",20240306
8pn3,"['A', 'B', 'C', 'D']","[12313, 12313, 12314, 12314]",20240306
8gqd,"['D', 'A', 'B', 'C', 'E', 'F', 'G', 'H']","[11969, 11969, 11969, 11969, 11970, 11970, 11970, 11970]",20240306
8k9f,"['A', 'B', 'C', 'D', 'E', 'F', 'G', 'I']","[12234, 12235, 12236, 12237, 12238, 12239, 12240, 12241]",20240306
8jb3,['A'],[12184],20240306
8q66,"['A', 'B']","[12361, 12362]",20240306
8qci,"['B', 'A']","[12377, 12378]",20240306
8pn5,"['A', 'B', 'C', 'D', 'E', 'F', 'G', 'H', 'I', 'J', 'K', 'L', 'M', 'N', 'O', 'P']","[12314, 12314, 12314, 12314, 12314, 12314, 12314, 12314, 12315, 12315, 12315, 12315, 12315, 12315, 12315, 12316]",20240306
8jkk,"['A', 'D', 'G', 'J']","[12204, 12204, 12204, 12204]",20240306
8snf,"['A', 'B', 'C', 'D', 'E', 'F']","[12457, 12457, 12457, 12457, 12457, 12457]",20240306
8gf4,"['A', 'B', 'C', 'D']","[11955, 11955, 11955, 11955]",20240313
8q29,"['A', 'B']","[12350, 12350]",20240313
8wcn,"['A', 'B']","[12567, 12567]",20240313
8q2a,"['A', 'B', 'C']","[12350, 12350, 12350]",20240313
8q28,"['A', 'B']","[12350, 12350]",20240313
8je0,"['A', 'B', 'C', 'D']","[12190, 12190, 12190, 12190]",20240320
8wos,"['A', 'B']","[12220, 12220]",20240320
8woq,"['A', 'B']","[12220, 12220]",20240320
8wot,"['A', 'B']","[12220, 12220]",20240320
8wor,"['A', 'B']","[12220, 12220]",20240320
8jay,"['C', 'A', 'D', 'B', 'I', 'J', 'M', 'N']","[12108, 12108, 12108, 12108, 12459, 12459, 12459, 12459]",20240320
8b0v,"['A', 'B']","[11375, 11375]",20240327
8qh3,['A'],[11513],20240327
8cqp,"['A', 'B', 'C']","[11566, 11566, 11566]",20240327
8itn,"['A', 'B', 'C']","[12137, 12137, 12137]",20240327
8ito,"['A', 'B']","[12138, 12138]",20240327
8cqq,['A'],[11563],20240327
8yk5,"['A', 'B']","[12599, 12599]",20240403
8qud,"['A', 'B', 'D', 'C']","[10679, 10679, 10679, 10679]",20240403
8ojb,['A'],[12266],20240403
8kgr,"['A', 'B']","[12247, 12247]",20240403
8x3a,['A'],[12587],20240403
8ojd,['A'],[12266],20240403
8u8m,"['A', 'B', 'C', 'D']","[12519, 12519, 12519, 12519]",20240403
8x39,"['A', 'B']","[12586, 12586]",20240403
8oja,"['A', 'B']","[12264, 12266]",20240403
8j5t,"['A', 'B', 'C', 'D']","[12167, 12168, 12169, 12170]",20240403
8oj7,"['A', 'B']","[12264, 12266]",20240403
8p6f,"['A', 'B']","[10416, 10416]",20240403
8ojc,['A'],[12265],20240403
8oj6,"['A', 'B']","[12264, 12266]",20240403
8tef,"['A', 'B', 'C', 'D']","[10416, 10416, 10416, 10416]",20240417
8jp6,"['A', 'B', 'C', 'D', 'E', 'F', 'G', 'H']","[12207, 12207, 12207, 12207, 12208, 12208, 12208, 12208]",20240417
8j2a,['A'],[12160],20240417
8jp7,"['A', 'B', 'C', 'D', 'E', 'G', 'H', 'F']","[12207, 12207, 12207, 12207, 12208, 12208, 12208, 12208]",20240417
8tff,"['A', 'B']","[10416, 10416]",20240417
8tfm,"['A', 'B']","[10416, 10416]",20240417
8rhf,"['B', 'A']","[12422, 12422]",20240417
8thp,"['A', 'B']","[10416, 10416]",20240417
8j0f,"['C', 'F', 'A', 'E', 'B', 'G', 'D', 'H']","[12156, 12156, 12156, 12156, 12157, 12157, 12157, 12157]",20240417
8s03,['A'],[12426],20240417
8jp8,"['A', 'B', 'C', 'D', 'E', 'F', 'G', 'H']","[12207, 12207, 12207, 12207, 12208, 12208, 12208, 12208]",20240417
8izm,"['B', 'C', 'D', 'E', 'A']","[12152, 12152, 12152, 12153, 12154]",20240417
8rue,"['A', 'B', 'C', 'D']","[12279, 12279, 12279, 12279]",20240417
8ted,"['A', 'B']","[10416, 10416]",20240417
8j0g,"['F', 'A', 'B', 'E']","[12156, 12156, 12157, 12158]",20240417
8jp5,"['A', 'B', 'C', 'D', 'E', 'F', 'G', 'H']","[12207, 12207, 12207, 12207, 12208, 12208, 12208, 12208]",20240417
8izt,['A'],[12155],20240417
8t41,['A'],[12483],20240417
8yjx,"['A', 'B']","[12598, 12598]",20240417
8jh8,['A'],[12202],20240417
8j0e,"['F', 'A', 'B', 'E']","[12156, 12156, 12156, 12157]",20240417
8ruf,"['A', 'B', 'C', 'D']","[12279, 12279, 12279, 12279]",20240417
8jp4,"['A', 'B', 'C', 'D', 'E', 'F', 'G', 'H']","[12207, 12207, 12207, 12207, 12208, 12208, 12208, 12208]",20240417
8rhe,"['A', 'B']","[12422, 12422]",20240417
8jp9,"['A', 'B', 'C', 'D', 'E', 'F', 'G', 'H']","[12207, 12207, 12207, 12207, 12208, 12208, 12208, 12208]",20240417
8iaz,['A'],[12097],20240417
8rhi,"['A', 'B']","[12422, 12422]",20240417
